User_Name,Current_Bank,Card_Type,Grocery,Travelling,Electricity,Internet,EMI,Dining,Entertainment,OTT,Ecommerce,UPI_Transactions,Total_Discount_Earned
User_1,Axis,Cashback,17067.05,11833.14,2198.6,2198.23,775.6,26068.65,11912.72,15958.9,269.59,45411.51,5179.33
User_2,Axis,Travel,4552.97,4596.81,8230.09,16878.11,12830.81,7809.67,21471.1,3408.5,7839.0,10351.94,3765.79
User_3,Kotak,Travel,8145.49,4075.64,34567.58,5316.67,16620.71,9642.52,5062.64,112.91,24104.68,7005.16,3511.48
User_4,ICICI,Cashback,809.38,9078.0,4568.26,1024.96,5382.99,275.58,18903.52,2358.25,8554.35,2941.71,4139.32
User_5,Kotak,Travel,9414.42,357.14,20733.77,6706.22,5644.09,29329.07,14585.54,4437.9,9485.89,8258.97,4343.86
User_6,Kotak,Cashback,8370.94,4721.23,5377.49,20444.5,5683.74,1965.28,2138.12,1099.24,95.9,3350.55,1606.8
User_7,HDFC,Rewards,616.61,3455.81,4342.96,2590.24,7252.99,2928.45,6854.89,5277.18,1659.99,278.89,2628.69
User_8,Kotak,Cashback,11462.59,4114.79,10553.57,6184.58,45674.16,24210.95,16386.92,3448.22,3789.48,528.74,5385.63
User_9,ICICI,Travel,857.7,239.91,7600.81,2835.26,5337.29,17889.7,2154.18,3968.82,10583.49,1951.83,2993.87
User_10,SBI,Rewards,41157.13,18970.84,6790.32,2160.07,11815.05,4775.39,10438.19,41618.46,7596.66,2522.88,6343.33
User_11,HDFC,Rewards,3247.63,10666.53,5.32,4444.98,3716.86,1839.48,7808.99,6781.41,12055.29,3209.5,3343.42
User_12,SBI,Travel,6081.33,10093.97,3757.73,29662.81,27286.75,2411.58,5717.23,2975.85,2787.28,312.48,3105.88
User_13,HDFC,Travel,11228.97,712.89,8977.13,21340.08,24215.43,16057.05,12595.44,17074.01,19051.72,1788.3,6960.89
User_14,SBI,Cashback,6341.63,2479.45,15996.85,1985.56,6614.4,6247.73,637.43,2769.11,4643.71,7626.12,1986.86
User_15,Axis,Rewards,330.82,14193.0,5079.36,20492.04,3789.47,23223.09,9670.42,54592.94,2925.98,8249.87,9136.31
User_16,HDFC,Travel,3492.6,5330.71,1162.36,861.49,18038.04,3256.54,1353.83,25027.01,15071.17,3660.26,4311.13
User_17,SBI,Rewards,1555.79,5734.98,8923.0,9232.75,2466.74,10408.18,9057.31,13053.9,7322.17,5261.19,2571.82
User_18,Kotak,Rewards,6322.6,8166.57,749.93,818.2,1492.79,1336.04,11666.21,434.5,40.96,1529.22,1932.74
User_19,Axis,Rewards,13359.22,10470.42,1225.94,5713.76,3840.95,3486.22,45024.3,6224.43,27745.85,12430.91,8712.93
User_20,ICICI,Cashback,6548.95,6988.18,12620.44,1653.82,4371.75,5364.95,9251.39,281.85,32950.75,4012.92,4903.55
User_21,Kotak,Cashback,2259.34,76.13,12880.6,2731.7,16620.94,16195.23,9370.85,1704.57,2376.66,9308.98,2763.7
User_22,SBI,Travel,4095.22,15167.02,21694.95,595.65,1911.75,9072.26,3623.37,2392.19,2854.89,3176.71,2461.23
User_23,HDFC,Cashback,3809.68,2972.22,14173.22,14207.03,17256.72,20905.4,6123.75,5953.5,13690.7,8976.79,5754.54
User_24,Kotak,Travel,20073.66,258.23,7974.21,5321.33,10279.6,3667.36,1553.42,36962.56,16836.71,18155.93,5686.47
User_25,HDFC,Travel,6518.0,1983.33,10780.8,21449.82,3548.36,14233.53,1302.05,774.5,11061.84,11353.77,4112.95
User_26,Axis,Cashback,9653.54,5183.97,21075.81,4198.16,7682.3,1085.99,341.3,43694.4,24028.05,15825.5,6415.38
User_27,Amex,Cashback,24477.29,5793.2,2719.47,977.81,2003.24,27054.6,10086.61,7212.48,10617.21,5675.09,6704.53
User_28,Amex,Rewards,4788.48,7401.78,23856.21,243.88,2075.47,792.21,699.47,32536.56,20459.22,10812.72,3480.5
User_29,ICICI,Travel,8959.57,2315.94,3404.23,5715.73,268.32,16227.94,11862.88,1646.95,84.02,14761.41,4200.15
User_30,HDFC,Cashback,1031.16,424.3,5962.47,155.78,5109.91,16334.0,4967.49,2848.48,5976.57,3553.82,2991.42
User_31,SBI,Rewards,8329.99,55469.13,40249.0,3719.97,1227.22,1813.5,313.96,1693.65,19613.82,1260.78,4510.78
User_32,Amex,Travel,109.58,7839.11,1540.73,585.19,5552.45,4613.56,9769.81,6181.33,7571.36,1541.89,4327.22
User_33,ICICI,Cashback,4799.35,4898.19,7511.09,780.03,1642.76,4960.72,11524.16,4711.98,1556.47,6503.26,2903.51
User_34,HDFC,Rewards,2889.07,4654.57,4179.66,3006.55,2151.68,641.56,334.77,19385.49,11438.94,2669.69,4108.99
User_35,Axis,Travel,20817.27,5896.46,6915.42,4117.95,2401.66,2757.82,7725.8,9660.25,10853.09,10788.28,3374.95
User_36,Amex,Cashback,8969.92,13492.97,140.93,3274.29,1935.23,2999.42,8487.88,2855.39,4446.13,4942.85,2574.49
User_37,Kotak,Rewards,5506.48,344.59,7869.14,5587.63,387.02,404.38,19684.23,2138.52,2112.15,7642.85,2935.66
User_38,HDFC,Cashback,8592.16,24546.12,13096.69,9462.63,24335.74,5699.6,7989.0,11359.25,5831.57,10354.26,4451.1
User_39,Kotak,Travel,770.46,761.54,6380.79,8348.37,5333.04,19946.47,2861.55,2049.45,12361.79,1541.53,2551.36
User_40,Kotak,Travel,21271.52,4530.51,2174.02,247.58,14426.81,14031.83,1627.51,6633.27,437.64,1014.31,3091.3
User_41,HDFC,Travel,29729.52,6476.14,2630.2,7247.62,13389.27,17288.98,323.36,2721.89,612.45,2218.59,3612.12
User_42,ICICI,Travel,3965.68,7970.81,736.11,33338.54,38968.45,10896.44,6986.87,3369.18,15290.48,10500.43,5582.37
User_43,Amex,Cashback,484.94,17267.85,3297.47,5324.62,15390.59,528.46,12804.58,4907.16,1102.06,3241.26,2682.28
User_44,Kotak,Cashback,39094.41,1460.21,8077.49,4295.04,31385.61,16535.37,16322.86,5665.07,4799.92,2861.03,6295.7
User_45,Kotak,Cashback,29411.5,20495.06,2917.42,5273.35,10422.92,6819.02,1022.63,2155.09,497.71,11085.3,3344.72
User_46,Amex,Travel,11837.13,10230.7,4712.41,1281.02,11833.0,7807.01,15726.53,7803.82,20317.18,8531.2,6987.65
User_47,Amex,Travel,5648.8,3208.89,2354.11,1964.06,5527.26,3671.02,5885.08,8403.34,3456.97,14165.47,2590.56
User_48,ICICI,Travel,4110.16,4748.47,19355.26,3533.4,5955.2,12635.24,4168.74,8031.53,16368.1,24646.9,4466.3
User_49,Axis,Travel,22182.37,17606.37,823.62,564.21,11654.08,5129.49,2819.73,10415.74,5022.23,9261.16,4497.11
User_50,SBI,Travel,8529.6,1672.02,3532.66,18914.96,5350.4,9172.64,1575.25,1778.67,347.55,1541.26,2188.61
User_51,Axis,Travel,361.65,8902.72,8553.87,4923.71,25134.94,1542.14,4482.66,4341.31,1083.46,7341.55,2415.95
User_52,Kotak,Rewards,1263.45,3504.62,19.23,14999.34,653.35,6729.37,31720.78,5690.83,19071.21,1992.82,5960.98
User_53,Axis,Rewards,7566.84,16772.18,455.47,3545.66,15227.63,27491.16,8735.43,9256.43,1381.54,7228.67,5881.73
User_54,SBI,Rewards,1121.72,13538.75,2037.58,8404.19,18600.16,946.06,7760.3,2688.74,4252.15,6504.35,1679.75
User_55,ICICI,Rewards,12229.63,1611.6,13651.42,15665.92,24249.14,10014.21,2418.94,5915.32,7995.18,18400.63,4206.92
User_56,ICICI,Rewards,8260.85,4803.29,32502.56,90.59,3058.33,5446.47,8014.23,22789.83,1101.91,19634.93,5962.5
User_57,HDFC,Rewards,54.89,3559.51,17584.96,6765.6,2558.12,7434.76,15.84,11006.15,2011.91,3826.25,4267.05
User_58,Kotak,Cashback,11873.93,12371.24,4793.57,21415.45,3021.97,5707.3,8086.86,10339.21,4051.31,1780.15,3289.57
User_59,ICICI,Travel,1681.04,12983.28,49480.46,7115.42,16584.8,8481.19,11146.43,14639.31,14652.31,4146.76,7304.98
User_60,ICICI,Cashback,2760.69,3445.77,2184.75,1539.08,1280.66,1035.24,6400.34,4284.35,8090.86,320.26,2103.5
User_61,SBI,Cashback,2874.69,989.26,19428.51,12283.8,26511.65,2164.52,22802.09,3237.33,2569.33,2579.81,2686.35
User_62,Amex,Rewards,4625.43,10980.41,1750.25,4086.73,5290.08,2769.31,5760.72,10587.85,4505.59,3573.63,3799.29
User_63,HDFC,Cashback,19709.63,4153.43,6725.69,20319.84,8393.79,1066.07,24102.71,8473.35,3497.35,1286.14,4110.79
User_64,Amex,Cashback,8211.74,5168.04,36858.45,8474.26,7451.75,9152.37,937.7,1389.2,7600.3,4135.18,2990.57
User_65,ICICI,Cashback,14694.22,1000.58,15990.87,1163.89,4320.98,13620.6,1386.14,2222.24,10932.65,10864.83,2780.03
User_66,SBI,Rewards,8983.49,3330.44,4870.03,2300.8,27449.55,10052.83,5881.07,7117.13,33786.43,1911.23,3581.51
User_67,Amex,Travel,10532.26,203.62,22914.01,29969.67,9277.44,13290.0,28493.25,13685.81,1843.98,9566.96,6386.73
User_68,ICICI,Cashback,1618.21,2213.76,36905.79,48574.08,2634.87,5410.48,3638.57,4146.16,36537.56,8117.53,5482.28
User_69,Kotak,Rewards,8044.89,4578.19,506.39,3670.94,14600.59,41.75,3648.01,4565.72,6931.45,22694.07,2646.69
User_70,ICICI,Rewards,7096.05,3193.21,1349.61,3195.36,805.47,1029.54,3660.15,2880.19,13068.8,2387.62,2556.04
User_71,SBI,Travel,50.95,4210.8,757.91,12548.11,622.18,2070.1,344.87,22297.78,2696.52,3497.78,1503.33
User_72,Amex,Travel,7585.1,21921.76,5858.71,8607.98,13367.81,6465.72,24688.51,12068.07,4746.0,17064.33,9964.46
User_73,ICICI,Travel,2366.73,2085.4,3339.93,687.0,817.73,8058.81,11894.74,1902.98,1285.74,4205.93,3230.3
User_74,Axis,Cashback,47620.39,22592.24,24888.11,6467.32,9898.49,3613.26,2693.12,8687.99,11152.49,5112.59,4018.95
User_75,Amex,Rewards,8666.2,2229.02,858.18,2282.85,10496.58,15861.18,14529.04,4147.05,9036.36,1879.52,8695.73
User_76,ICICI,Rewards,464.64,1211.41,139.78,1040.67,4547.11,2844.32,11601.39,8840.34,2174.21,1561.12,4884.29
User_77,ICICI,Rewards,395.58,20170.28,4809.27,16884.02,5118.13,22418.74,2814.98,41695.65,17185.51,1377.84,10479.36
User_78,Kotak,Rewards,10745.99,3391.79,11189.19,12120.9,22838.44,20249.35,8690.81,4149.48,17476.46,9240.6,6231.17
User_79,ICICI,Travel,12903.65,12621.47,18988.27,8282.7,18531.88,7569.32,763.57,5705.64,7555.64,13985.87,4675.71
User_80,Amex,Travel,618.64,9677.3,8701.61,3823.58,3856.11,4596.37,810.33,10330.52,2280.29,2030.25,3809.2
User_81,ICICI,Travel,3699.82,27251.8,1758.31,18802.12,5726.88,10032.56,6930.28,8942.24,25828.21,7172.77,9686.67
User_82,SBI,Travel,2378.9,14506.31,682.83,3113.01,1481.18,3654.52,832.21,8673.58,8820.79,14625.67,1809.78
User_83,SBI,Travel,12675.69,969.56,671.87,11204.8,5884.93,10029.79,4908.26,2433.35,14707.15,13818.59,2724.0
User_84,Axis,Rewards,50.07,1034.28,3590.82,15658.98,31110.53,14835.92,11150.3,7002.81,862.15,30173.14,4519.02
User_85,SBI,Rewards,8673.44,7848.35,6179.99,24021.06,14242.16,6340.58,7200.78,322.86,6755.47,275.3,3264.45
User_86,HDFC,Rewards,5982.75,17615.02,246.21,8522.19,2515.82,18409.09,25254.59,20582.93,4583.02,14121.38,10561.02
User_87,SBI,Travel,13748.44,293.64,7062.74,2035.3,1000.44,623.53,9279.42,3234.08,10046.1,526.31,2173.54
User_88,HDFC,Cashback,1797.39,4604.15,10168.0,4480.28,1241.95,115.68,9557.46,100.67,9726.4,3525.02,1920.99
User_89,SBI,Rewards,218.75,1242.22,2127.91,879.56,14999.28,19952.31,7276.35,11659.06,2207.52,9411.04,1895.71
User_90,Axis,Cashback,1636.86,702.35,2627.33,2031.51,2108.34,1596.26,258.01,108.21,26398.04,3349.09,3528.55
User_91,HDFC,Cashback,792.34,18680.61,9536.5,1787.12,5295.09,24063.83,12854.27,5475.22,13955.26,26990.76,5860.75
User_92,Axis,Rewards,14291.13,2059.15,13950.64,1007.31,377.75,3807.56,294.01,24769.58,13747.47,12674.4,4051.05
User_93,Kotak,Rewards,13384.64,16340.6,32835.06,1187.98,3137.84,8829.33,7405.2,1039.23,10521.5,1580.61,3763.71
User_94,Amex,Rewards,6088.47,5877.87,649.94,14220.9,2091.15,939.59,14875.5,21105.7,13422.26,11232.62,5435.72
User_95,HDFC,Cashback,1643.37,9480.75,8420.7,5431.37,23209.25,12368.56,1526.26,4490.98,20760.83,1429.93,4450.83
User_96,HDFC,Travel,2401.46,3290.23,6383.12,1566.93,4154.55,3057.82,1138.85,7731.35,5853.38,3938.3,2028.98
User_97,HDFC,Rewards,1504.43,3497.79,2346.74,22894.32,962.6,10331.41,1805.01,18363.29,27986.46,5389.96,7773.87
User_98,ICICI,Travel,1169.59,3899.11,502.22,4881.75,5113.93,2029.41,18.36,969.51,2749.63,11385.51,1360.21
User_99,HDFC,Rewards,7914.05,6113.83,11916.1,890.87,11270.34,6135.79,25956.28,3293.97,7884.34,21169.44,5751.64
User_100,Amex,Travel,815.02,6291.68,12567.58,777.07,6294.1,5264.98,2739.94,254.78,331.5,8170.35,3030.2
User_101,Kotak,Rewards,4452.47,7863.54,6803.9,3648.43,511.8,12993.17,3505.71,12878.83,2194.38,7.77,3846.52
User_102,ICICI,Travel,20153.58,1913.03,2067.74,615.39,5454.91,4074.89,859.14,296.1,3929.77,3660.43,1394.06
User_103,SBI,Rewards,32263.67,310.62,12834.62,23467.51,19021.03,32610.85,13942.82,5703.4,3651.94,3777.53,6662.49
User_104,Kotak,Rewards,2208.7,291.49,9719.14,4236.58,18411.12,5907.01,31777.47,1891.23,18705.55,13812.71,6103.43
User_105,SBI,Travel,19250.46,13234.78,1892.16,444.71,34111.24,12894.78,21414.11,8833.94,1678.13,1798.69,3460.81
User_106,Axis,Cashback,3636.74,2494.84,14999.66,5612.06,12695.57,8079.58,59154.64,2305.44,8889.31,16233.15,5700.71
User_107,ICICI,Travel,9073.35,7586.2,10031.98,21625.79,16902.67,9134.74,9805.16,1118.33,769.04,5998.72,4697.39
User_108,Kotak,Travel,35522.3,24034.16,287.73,11581.0,21368.44,2695.0,12651.69,989.48,2398.12,14819.06,4781.23
User_109,ICICI,Travel,1035.01,5454.07,7952.73,194.13,5123.06,13973.88,612.28,10457.69,4169.78,4425.38,3397.02
User_110,HDFC,Travel,19873.38,12151.57,15704.15,4024.58,16367.39,810.45,21856.61,7697.89,16497.85,5843.13,4485.54
User_111,SBI,Rewards,1147.8,3699.45,8268.33,5764.63,6732.44,4181.35,6128.69,2556.79,4070.38,8738.12,1547.71
User_112,Amex,Rewards,2200.46,1411.43,1659.01,2599.81,530.89,11480.33,7533.92,2150.79,455.58,2333.77,5260.9
User_113,Amex,Travel,1566.32,12629.67,1317.01,22285.03,3699.94,12884.16,6818.62,9147.39,10045.24,4836.62,7138.0
User_114,ICICI,Cashback,7995.0,5340.31,11949.9,6168.02,19118.28,21363.39,5066.05,2997.9,8300.2,22518.93,4210.17
User_115,Axis,Rewards,5877.55,16946.95,2520.8,14024.46,4871.79,8632.85,9384.66,4373.58,6737.07,4994.29,4198.63
User_116,Kotak,Cashback,1041.61,7504.09,2161.5,2652.57,1632.45,3296.59,654.89,1819.43,12789.77,1095.12,1601.77
User_117,Amex,Cashback,16006.99,16464.03,9110.74,4878.07,4822.53,38797.3,10520.18,7245.08,10739.74,19957.34,9224.97
User_118,HDFC,Cashback,1329.55,4463.75,5703.82,849.75,852.98,173.7,6199.0,5067.99,2992.52,8642.94,1522.67
User_119,Axis,Rewards,10096.84,9596.94,430.02,53397.33,1622.08,3249.17,656.19,12629.78,3146.22,2453.41,3403.79
User_120,SBI,Cashback,2774.35,166.45,629.46,16914.32,13155.14,19.41,11888.3,3995.42,7935.62,2377.52,2088.42
User_121,SBI,Travel,4813.44,658.68,133.26,1611.78,5341.09,987.31,4900.64,15342.47,431.8,4889.52,1000.91
User_122,Kotak,Cashback,3653.44,13430.07,47663.97,5811.14,219.01,3469.1,22025.19,24782.25,18135.17,1487.66,5602.32
User_123,HDFC,Travel,4159.84,895.41,3964.27,1845.33,3882.49,415.44,3953.04,27429.06,182.13,13932.0,3475.23
User_124,HDFC,Cashback,16378.1,1112.64,3996.3,1355.41,12333.38,16999.05,30494.32,6764.04,27175.79,24669.96,7074.6
User_125,SBI,Cashback,8733.28,6529.61,19413.55,7379.66,18442.76,17448.35,15365.5,8874.79,14741.71,16824.8,4120.17
User_126,HDFC,Rewards,62.63,3748.79,781.83,4360.73,6037.3,2941.69,3313.17,12824.7,7961.69,10410.49,3783.39
User_127,Amex,Travel,1501.24,1597.01,2723.82,2393.69,2938.3,4543.33,5261.69,3974.07,9769.1,57.75,2392.33
User_128,SBI,Rewards,9915.54,21712.34,2653.6,24895.25,591.15,25912.45,4120.56,1017.01,6326.9,2822.2,4083.33
User_129,Axis,Travel,14073.52,4029.8,4612.54,498.0,6706.54,2708.31,19943.08,9188.73,3920.06,697.42,2781.47
User_130,Axis,Travel,4602.86,7629.93,698.54,5177.33,1832.23,20362.66,4083.63,10134.53,4937.99,274.29,3643.4
User_131,ICICI,Rewards,28.35,11134.15,7933.27,9865.16,17298.78,11398.25,2105.01,4903.67,25897.19,16102.15,5539.01
User_132,HDFC,Travel,2573.36,9421.29,13631.47,7964.22,11866.02,10413.28,1160.45,3946.74,1188.1,1919.07,3203.5
User_133,Axis,Travel,5576.83,2296.8,546.12,23448.35,21326.24,18061.98,6024.42,11318.08,20604.65,15676.52,4894.09
User_134,ICICI,Rewards,3445.01,1502.36,1621.02,3666.88,3419.36,13744.41,398.52,318.82,3736.94,2504.67,2820.32
User_135,Amex,Travel,619.29,15532.94,1473.19,2701.41,1777.49,3032.42,497.58,5062.2,484.13,11142.34,4716.82
User_136,SBI,Cashback,7704.53,9774.27,2250.46,5234.1,1810.39,460.98,4078.14,3866.48,46299.83,5069.81,4204.0
User_137,Axis,Travel,763.27,26779.36,8274.6,11543.28,1534.68,4325.12,4510.9,14162.98,10.16,2938.66,5598.61
User_138,Axis,Rewards,7062.53,1869.78,53556.66,296.34,19575.18,21440.28,4090.86,16310.07,1428.78,4352.53,4897.78
User_139,HDFC,Cashback,20709.34,5083.46,1909.71,3666.75,7556.37,12247.04,14047.18,12454.58,8003.3,20881.27,4881.5
User_140,SBI,Travel,2701.95,2134.44,7413.5,2022.81,14273.37,5613.26,688.43,7854.05,364.21,5006.98,1137.1
User_141,SBI,Travel,8482.63,14258.92,1699.28,2657.92,19053.39,4344.28,258.39,1863.05,2823.83,35189.31,2123.28
User_142,ICICI,Travel,2501.85,1907.51,1100.28,2724.83,438.06,6679.05,5167.18,1116.53,8923.45,5097.27,2417.96
User_143,Amex,Cashback,1045.71,387.3,2150.71,48873.02,11810.59,50001.92,8390.15,5534.57,10448.71,8574.33,9979.65
User_144,Axis,Rewards,6.88,369.15,19085.96,9387.13,10104.87,17191.86,4404.34,4921.94,13710.35,29030.52,4708.07
User_145,HDFC,Rewards,2808.43,1164.03,22908.81,4628.59,2937.49,17655.44,14444.57,15051.49,3900.99,3974.17,8496.87
User_146,Axis,Cashback,15536.29,27449.83,18773.7,22884.84,7559.79,15466.72,6371.83,10862.08,9573.68,2836.25,4628.29
User_147,Amex,Travel,267.05,12955.06,15805.43,466.54,7242.96,34386.57,3550.25,18450.54,5834.01,293.59,10647.16
User_148,ICICI,Cashback,5572.51,1678.9,1095.04,11668.9,7767.4,26106.67,17387.87,7773.15,4062.17,3419.4,5880.26
User_149,ICICI,Travel,6068.44,3471.59,7157.41,1816.61,11407.41,520.97,392.88,3919.49,10434.32,6033.89,1776.75
User_150,Amex,Cashback,28717.46,3145.42,16380.61,18798.28,7374.88,5264.44,6447.44,2775.24,23736.07,6457.15,4262.11
User_151,Amex,Rewards,13179.24,7075.18,11236.67,419.51,873.23,12417.1,737.33,728.54,120.06,30897.13,5019.55
User_152,Amex,Travel,2111.21,2582.91,8944.0,6499.5,1229.3,1148.18,621.71,6480.6,8676.23,1848.37,1668.93
User_153,Kotak,Rewards,7631.32,24191.9,16103.85,2729.57,39368.67,11619.21,110.66,3113.4,3188.8,757.63,4369.39
User_154,HDFC,Travel,256.93,20727.97,9610.53,2077.18,23444.58,5521.64,5235.55,8265.12,10012.57,6405.94,3981.16
User_155,SBI,Travel,1245.08,9675.33,1058.4,4999.66,8467.65,5216.96,1895.03,3391.65,27940.69,11947.58,2326.34
User_156,SBI,Travel,8713.16,2826.88,14208.45,16587.67,15733.09,21091.08,2440.15,11808.69,5181.15,15489.67,3390.64
User_157,Kotak,Rewards,10784.0,1972.99,7954.96,42202.55,27988.72,445.81,1819.26,1426.82,13076.7,17198.19,3845.35
User_158,SBI,Rewards,2645.53,3367.03,8960.28,8586.28,5974.84,706.76,1037.47,621.39,5433.24,13234.17,1498.37
User_159,Amex,Rewards,7119.13,107.81,3257.43,14907.14,55253.88,1201.11,5902.99,18512.04,2624.23,9313.24,3090.23
User_160,Kotak,Rewards,2473.62,5214.82,18188.44,9595.24,62.27,16997.73,426.95,16262.84,2686.96,37669.12,4809.31
User_161,HDFC,Rewards,761.49,1722.73,9885.1,26493.08,2169.78,2811.98,6047.96,10265.53,4246.69,2346.65,4649.49
User_162,Amex,Travel,1085.47,163.0,1008.76,1105.32,2709.91,2843.73,11456.21,3942.43,7100.61,607.56,2180.7
User_163,ICICI,Rewards,3861.19,4342.69,5297.61,7674.2,1476.28,8183.8,3237.67,376.45,283.25,1909.86,2939.9
User_164,Kotak,Travel,2265.13,16770.12,7064.86,4496.61,1255.44,12790.6,2587.11,4465.34,621.13,15544.66,2577.97
User_165,SBI,Cashback,1615.68,865.0,4607.5,3112.18,891.29,5257.63,21449.82,6243.5,6115.42,13628.97,1674.81
User_166,Amex,Cashback,34038.87,1579.15,10530.32,7703.89,7718.02,10455.38,23194.8,13336.98,504.95,16741.65,5106.76
User_167,ICICI,Rewards,29760.13,3321.98,26178.77,9886.5,10641.79,2311.29,1355.7,21000.06,11068.37,9263.41,4080.55
User_168,HDFC,Travel,2286.62,1261.81,4560.04,22931.26,5723.92,120.91,2977.89,408.79,331.21,2890.55,1676.31
User_169,Axis,Travel,16015.85,2017.93,2436.41,8102.87,1357.74,739.64,8341.91,207.1,4205.0,3590.54,1536.1
User_170,Amex,Travel,19481.44,1191.59,3562.2,17380.86,10477.5,1805.42,28187.85,6590.96,23195.18,20431.0,5292.02
User_171,Kotak,Cashback,16682.5,1242.79,4451.74,925.58,3493.11,2614.04,14991.49,3931.94,1802.9,507.91,2556.34
User_172,ICICI,Cashback,2814.79,483.83,5986.84,4096.27,20480.08,1341.72,2691.07,4067.09,8158.2,4139.12,1767.33
User_173,ICICI,Travel,4771.1,5159.88,1410.62,22672.38,14763.33,8605.3,4828.71,4129.7,8192.07,6135.9,3818.24
User_174,Kotak,Rewards,24417.75,10099.65,4396.21,2654.18,13148.77,5031.98,9081.56,8968.32,115.77,862.82,4547.85
User_175,Kotak,Travel,43637.29,12230.52,20685.36,12156.18,11973.14,1472.37,6269.87,4941.76,7377.83,23841.67,4887.32
User_176,Axis,Rewards,14090.73,2728.24,16184.69,6055.89,5750.24,2747.53,12272.0,39414.01,9002.29,10418.39,6031.62
User_177,HDFC,Rewards,11427.5,3528.52,796.64,5515.96,7304.13,1765.04,9017.97,10963.3,1502.32,19024.63,3795.29
User_178,HDFC,Cashback,3122.04,34410.52,16286.09,2529.9,8899.19,14647.37,1336.33,32821.82,24956.23,10788.51,8075.85
User_179,HDFC,Rewards,23532.94,6263.08,5720.95,1031.0,12138.13,3168.67,1005.7,72.08,4661.18,4258.26,1847.29
User_180,HDFC,Travel,447.53,7112.36,1122.55,10564.9,9247.42,4209.65,6700.3,2041.33,3446.04,9324.91,2324.35
User_181,Axis,Cashback,2270.04,13232.69,16389.59,5765.62,2167.18,927.06,705.59,9821.44,4215.26,18237.53,2533.14
User_182,SBI,Rewards,6546.05,4989.6,4595.99,2058.38,8725.8,3019.56,18327.66,4764.09,639.52,5342.36,2046.6
User_183,ICICI,Rewards,39.95,11956.08,1910.19,11124.29,50101.21,788.04,837.8,4346.1,21023.83,2535.5,3466.74
User_184,Amex,Rewards,1012.49,2958.97,7783.9,5727.17,4059.43,4340.47,3055.88,842.49,6642.97,3104.24,2767.99
User_185,SBI,Rewards,6518.51,6786.42,21995.26,8703.33,5266.33,41406.33,1290.99,6041.39,472.34,14816.1,4006.96
User_186,ICICI,Travel,531.96,4798.86,14060.49,6823.81,4688.67,7137.09,15631.3,3789.07,3196.01,3860.75,4664.03
User_187,HDFC,Rewards,11195.03,4617.54,2400.21,1326.21,5725.31,884.68,15688.82,6254.37,32604.6,1445.23,4785.78
User_188,HDFC,Rewards,15944.11,578.69,27350.45,22428.76,12925.2,10549.64,26136.16,2404.02,964.81,3211.18,7535.97
User_189,HDFC,Travel,5473.14,33744.44,12119.66,4614.04,411.68,11144.47,5720.65,764.38,617.04,15049.5,4221.52
User_190,Axis,Rewards,316.8,14778.26,120.63,5616.69,406.38,11442.79,2958.08,700.87,1974.26,853.24,2675.13
User_191,Kotak,Cashback,6793.22,17927.09,11765.96,13008.46,1628.01,3076.09,17815.62,40725.27,3513.19,3653.09,5668.97
User_192,SBI,Rewards,9038.87,12876.55,942.28,3759.65,5752.87,8191.48,598.4,1931.99,4150.71,45581.2,2067.33
User_193,Amex,Cashback,9453.99,6156.16,5756.84,6239.69,8672.61,7472.5,18680.97,492.61,17386.27,18024.35,5110.99
User_194,HDFC,Travel,24568.58,12852.46,10884.84,5260.88,40653.08,7660.23,1379.83,14535.56,1830.11,6412.42,4481.83
User_195,HDFC,Rewards,11307.36,461.15,6018.57,26640.9,1814.52,4965.07,13152.27,21497.43,11169.69,3001.02,7792.54
User_196,Amex,Cashback,34518.13,19153.39,17.43,11256.36,584.0,3314.22,682.81,10300.85,12909.01,1352.81,3243.6
User_197,Kotak,Cashback,3088.26,865.04,3640.69,9327.93,493.92,560.46,2938.16,19061.95,7405.56,7613.04,2844.23
User_198,ICICI,Rewards,5131.75,3920.16,840.34,691.34,942.1,1059.81,5709.24,7592.61,4243.57,9927.07,3110.18
User_199,Kotak,Travel,13235.35,8477.57,6642.48,983.04,5683.83,26864.59,18401.23,2713.97,7007.57,18918.36,4574.02
User_200,Kotak,Cashback,24943.85,6758.17,1055.41,10216.14,25847.39,11656.25,3351.29,6334.32,7812.61,11309.56,4882.24
User_201,HDFC,Rewards,8809.31,20021.79,10642.31,21082.36,28051.58,26750.44,10765.97,4187.98,12916.91,3529.34,10158.97
User_202,HDFC,Cashback,3373.09,518.23,20867.38,20367.32,8372.05,1496.02,10595.04,7495.48,22727.43,18713.96,5365.23
User_203,ICICI,Travel,1182.07,1946.57,38010.85,2756.94,40302.91,8067.78,1551.05,1111.54,2490.01,27620.28,2363.24
User_204,SBI,Travel,221.91,13255.62,5761.2,3206.48,21632.33,1159.42,29317.37,3538.96,20594.11,8674.61,2731.56
User_205,Axis,Cashback,383.49,3877.53,682.72,130.52,14667.34,6168.2,16269.97,2698.95,3155.73,765.54,1943.2
User_206,Amex,Rewards,8946.17,5547.2,4625.68,3335.06,914.88,6459.64,4854.39,52291.87,12569.89,6573.22,5871.82
User_207,Axis,Rewards,28412.64,568.1,5909.5,809.05,5310.87,4619.23,1244.53,1373.0,5476.93,2155.17,1617.21
User_208,Amex,Cashback,16980.67,32492.8,1943.0,12301.45,12508.31,5967.81,8392.98,529.86,18745.06,10906.05,5355.94
User_209,Amex,Cashback,716.21,4653.43,6400.09,357.62,1378.85,8796.38,1466.19,4421.39,1972.33,1044.5,2035.51
User_210,Kotak,Rewards,4382.8,3083.81,4931.84,13299.65,2383.5,6854.22,11914.38,3225.61,3105.02,4883.17,3159.48
User_211,Axis,Rewards,9663.92,82913.79,915.54,47.38,15263.74,5292.6,4105.46,5581.95,4416.62,466.99,6955.33
User_212,Kotak,Cashback,13075.74,14197.56,26151.15,306.32,20300.26,7396.37,9884.55,10210.31,16919.42,4004.32,5036.08
User_213,SBI,Travel,13735.36,40600.68,1950.7,45557.47,819.66,20.21,393.41,3642.75,8728.75,623.02,5922.34
User_214,Amex,Cashback,21610.22,29220.44,37614.19,19123.78,1865.91,13448.57,1625.6,10527.85,10513.04,1373.39,5499.0
User_215,SBI,Rewards,9525.14,17017.53,432.94,17900.7,4264.3,2053.59,461.27,4005.01,9126.59,7081.93,2678.58
User_216,Axis,Travel,25695.85,22809.74,4920.88,41310.45,10645.71,7180.89,3429.49,6422.13,462.2,18163.67,5930.75
User_217,HDFC,Cashback,1357.74,187.86,1325.19,2951.33,7819.02,1141.24,6978.28,11062.96,3318.71,9449.68,2369.1
User_218,Kotak,Travel,9860.34,4238.88,5726.01,5428.02,13131.98,2025.4,39411.12,20214.43,8135.14,2737.67,5276.79
User_219,ICICI,Travel,19792.29,1113.4,27522.04,7615.9,2.68,14263.51,956.37,6441.55,24464.93,1290.33,3912.68
User_220,ICICI,Cashback,2079.24,9906.75,2788.83,788.29,3276.34,2312.45,13567.95,2757.55,11410.64,16316.96,3874.67
User_221,Amex,Rewards,1369.34,7960.61,3250.15,356.49,124.91,2403.75,7694.1,5375.18,3256.46,433.01,3433.26
User_222,Amex,Cashback,10684.83,32925.47,13932.62,29309.71,11801.31,3444.55,1083.69,14818.36,10056.79,480.68,4005.41
User_223,Amex,Travel,4723.05,19506.58,6275.69,1142.41,9772.66,14306.0,28.02,19022.1,1998.88,7799.59,8144.19
User_224,Axis,Rewards,3326.72,14955.32,8925.15,29623.81,3393.26,15815.0,13067.57,4886.9,2050.88,14724.4,5359.58
User_225,ICICI,Rewards,31283.03,456.64,9764.02,5378.13,7372.45,759.82,374.43,9362.82,14764.3,12975.36,2367.49
User_226,Amex,Rewards,2666.62,633.92,5539.5,4170.37,2828.82,6805.45,73.08,3050.44,917.58,5414.21,2436.16
User_227,Axis,Cashback,23480.83,475.57,5665.69,16058.72,6782.34,3475.49,2774.23,1576.03,21748.1,9573.0,4125.67
User_228,ICICI,Rewards,24111.49,1876.17,4522.04,259.42,5085.8,21731.79,10690.3,6267.97,6809.17,19.84,7987.31
User_229,SBI,Cashback,3833.62,10195.47,5428.95,3818.5,8538.83,4493.64,1659.49,1119.11,797.0,11078.39,1267.5
User_230,Amex,Cashback,565.71,1322.14,2749.23,1282.78,119.04,6323.24,5713.48,3072.62,9484.86,1570.91,2422.77
User_231,Axis,Travel,1780.31,10037.17,7504.09,17571.79,14579.91,2937.97,2509.1,31031.24,5814.77,18385.64,4708.94
User_232,Axis,Rewards,13471.24,23898.93,3339.36,10476.07,6280.79,507.56,9504.41,9506.94,21651.15,5581.54,5432.31
User_233,HDFC,Rewards,1061.54,23327.19,5553.28,2038.82,5111.96,8379.99,583.84,2364.55,12109.94,4531.9,3587.82
User_234,ICICI,Travel,4218.25,5657.65,13713.72,4513.18,15671.49,7712.89,1012.91,36398.63,5150.17,3419.1,4466.38
User_235,Axis,Travel,779.24,10747.49,18699.77,4419.57,14109.39,2994.98,1067.68,2041.19,3199.01,269.65,2562.31
User_236,Kotak,Travel,61.56,7616.97,5673.69,1889.05,5161.69,2166.0,13160.59,14700.16,2148.86,8294.44,2736.07
User_237,Kotak,Rewards,11380.62,12215.26,1974.75,9259.25,16422.94,7683.83,135.42,100.97,4911.58,28984.37,3004.65
User_238,ICICI,Rewards,859.52,30090.07,3570.67,13178.71,30108.71,5337.26,5142.53,9396.01,41022.45,8.07,8168.75
User_239,Axis,Cashback,28229.71,18953.2,4176.19,4398.68,4019.29,6174.0,581.89,202.9,363.65,3595.49,1612.68
User_240,ICICI,Travel,21948.39,2193.8,3832.14,2413.45,8442.48,10446.78,9428.09,16462.14,125.37,8228.35,4074.67
User_241,HDFC,Cashback,520.51,2733.43,28601.02,4710.16,42638.13,12364.11,8141.66,12312.19,10317.22,20177.56,6031.94
User_242,SBI,Cashback,6062.45,25238.33,20159.6,5524.42,15527.05,18679.17,23689.31,8478.3,2466.12,3178.25,3268.94
User_243,SBI,Rewards,1071.85,341.0,330.31,13057.31,3266.37,2432.79,7693.13,8346.62,1865.13,5464.49,1548.67
User_244,ICICI,Rewards,14643.27,5435.87,2329.58,3886.44,268.75,960.15,10179.6,0.08,3781.46,5187.79,4107.54
User_245,Amex,Cashback,5024.09,5108.99,227.63,12913.09,48105.8,1196.21,4760.57,8331.12,29531.29,22970.21,4194.86
User_246,HDFC,Cashback,2203.04,1447.4,1578.19,5001.35,6806.67,803.86,1859.15,9313.9,6591.74,16806.7,2409.71
User_247,Kotak,Cashback,11042.89,13375.25,1010.19,9722.4,15276.05,2263.92,18756.1,10837.27,37600.96,535.96,6360.69
User_248,HDFC,Cashback,30196.81,10134.13,1410.47,8321.16,15376.51,12490.82,1913.63,36384.42,6036.08,1754.98,6700.62
User_249,SBI,Travel,1486.51,1526.84,21705.07,4826.02,358.01,608.69,1751.58,2741.61,12496.48,1955.18,1920.66
User_250,HDFC,Rewards,9490.69,6035.07,21482.47,5011.74,3500.08,1300.81,11275.91,9691.24,3545.49,186.5,4201.25
User_251,Axis,Rewards,8354.48,5005.02,9693.67,536.67,4282.07,3636.93,6406.54,3997.14,4070.02,2936.48,2222.8
User_252,Amex,Rewards,34152.08,3398.49,27688.66,13841.13,8689.58,2429.78,34487.9,2943.78,6378.4,5893.22,9246.78
User_253,Kotak,Rewards,18820.08,3406.16,11583.92,10019.05,21132.93,27945.58,144.5,13242.96,628.85,9403.95,6694.31
User_254,Kotak,Cashback,2299.7,5740.91,29581.96,6094.0,22767.06,10066.87,3072.23,4760.23,948.64,4390.39,2720.5
User_255,Kotak,Cashback,789.1,1648.65,13797.5,5273.33,4538.37,423.91,5212.2,5279.83,3154.27,15931.85,1748.21
User_256,ICICI,Rewards,14931.55,70.03,3627.13,22906.08,660.08,4813.12,23418.01,4917.42,1276.63,5292.95,8910.52
User_257,HDFC,Rewards,7564.01,4580.01,3429.88,9846.32,4666.62,5057.88,15957.84,51619.48,13810.53,1195.42,11908.55
User_258,Amex,Rewards,627.2,4986.83,10545.27,5427.7,856.12,7142.46,9093.23,10781.27,4140.12,7348.82,5201.82
User_259,HDFC,Cashback,16054.34,13672.38,5260.66,37.03,3505.16,2281.77,10925.94,17363.05,4391.73,51274.93,4424.81
User_260,Amex,Rewards,12464.9,16997.15,16040.25,7381.39,218.34,12306.78,4106.89,8419.91,44473.13,7166.27,9086.26
User_261,Amex,Travel,5225.92,939.05,4249.78,2678.38,5277.21,1539.16,8579.53,342.23,6396.57,7677.16,1882.75
User_262,Axis,Cashback,5147.73,36.43,3565.43,3805.0,4065.98,1109.76,5013.93,383.83,890.02,8407.89,983.77
User_263,Axis,Rewards,7241.43,6120.32,8009.82,7213.89,1637.56,15578.18,33465.77,23669.7,28339.89,2146.45,9670.13
User_264,ICICI,Travel,2518.99,3545.07,1735.99,8053.84,2640.08,3756.21,1522.65,22904.13,1795.9,7676.15,2788.22
User_265,HDFC,Cashback,7006.99,6167.25,2498.64,3667.08,18009.98,8761.25,12354.16,4833.59,7938.74,2278.31,3382.43
User_266,Axis,Travel,9918.81,10976.05,2235.1,21964.61,7792.66,9937.38,22038.48,13092.15,3218.08,12787.68,5112.18
User_267,Amex,Rewards,232.58,1909.22,2671.97,10107.6,93.61,4256.09,20872.02,960.84,5883.7,12505.38,6158.75
User_268,Axis,Cashback,21125.84,16654.45,11437.7,1158.2,3378.49,3669.85,2846.78,7162.05,7590.53,4369.11,2694.03
User_269,ICICI,Cashback,3581.64,23862.57,29730.76,3851.85,4260.63,6858.84,27575.08,20348.85,1053.61,4856.17,7244.43
User_270,SBI,Cashback,6584.15,11313.91,24279.32,33105.36,6487.62,9507.8,8214.38,204.7,5384.46,9432.3,4212.46
User_271,Amex,Travel,3893.55,1866.66,2696.74,29.77,18934.25,19677.48,10799.07,2626.77,1302.4,288.3,5368.49
User_272,SBI,Travel,5133.04,8120.74,2066.83,4669.46,13597.6,17376.12,5226.68,1104.1,9209.04,4954.38,2137.59
User_273,Kotak,Rewards,7690.4,20125.33,29452.5,16311.97,7620.14,20109.56,3269.41,5696.9,11358.02,12297.78,5425.0
User_274,Amex,Rewards,5365.17,3079.28,12166.89,2600.76,17695.26,3229.66,545.88,6510.04,5109.69,6669.37,2248.42
User_275,Amex,Cashback,10770.91,22191.35,12748.42,5977.3,24711.9,2859.59,14292.29,24314.71,14978.55,13618.98,5277.24
User_276,HDFC,Cashback,18322.49,2010.5,1204.47,2971.66,6703.64,6315.7,15187.18,4582.94,5854.46,118.96,2849.45
User_277,Kotak,Travel,8670.88,12364.55,1212.19,369.38,11181.31,2628.63,4158.12,18351.54,367.04,5568.36,3202.69
User_278,Amex,Travel,4473.44,28134.81,1635.83,17743.33,271.93,3672.48,450.76,8114.66,5823.02,7616.74,8471.24
User_279,Axis,Rewards,7976.26,6648.4,7670.56,52.22,1526.34,6738.8,4113.93,33.13,10148.64,9214.71,2655.62
User_280,HDFC,Cashback,4882.51,4526.31,2650.43,6957.05,8735.86,90.6,1427.83,7679.61,3005.03,6677.76,1913.28
User_281,Axis,Travel,1340.28,2317.16,7213.37,4403.55,11546.83,14850.89,6051.38,11014.4,2843.64,4158.51,2633.92
User_282,SBI,Travel,2957.08,4928.69,3617.27,3166.4,7238.45,31200.88,9256.92,2724.03,1048.16,15589.12,1930.52
User_283,Axis,Rewards,7003.4,37187.98,6591.76,9315.06,8905.04,11835.33,16119.23,2979.54,8792.23,20431.44,6773.51
User_284,Amex,Travel,2709.07,9929.15,3373.92,11904.85,18517.46,16521.11,15703.15,2282.07,1015.7,13176.51,7461.18
User_285,Axis,Cashback,1052.27,2679.27,1316.99,2305.27,9423.84,7472.06,4272.2,8389.97,6579.66,2407.46,2139.09
User_286,Kotak,Rewards,1466.57,8618.27,20729.69,6505.32,6945.71,1067.34,3204.23,259.51,371.72,25366.65,1591.48
User_287,SBI,Cashback,12363.37,8580.25,43.87,4796.59,6476.78,2772.61,2928.89,24848.29,17004.8,14470.55,3355.03
User_288,Kotak,Rewards,6459.37,18293.42,4546.02,249.45,24890.88,16832.74,24741.66,683.94,31250.7,16640.81,7703.38
User_289,SBI,Rewards,5890.76,5658.77,5444.88,789.89,11180.68,14517.5,12394.36,1638.13,9506.78,9265.24,2505.75
User_290,SBI,Travel,3773.49,6764.87,2144.61,49000.87,35800.14,9455.4,14716.33,11324.05,8110.8,494.44,4429.59
User_291,SBI,Cashback,3137.71,13889.99,812.88,18061.79,6962.22,389.87,7205.11,25509.41,504.41,5639.6,2194.1
User_292,HDFC,Rewards,1551.62,9586.5,4767.03,8649.62,14257.15,1460.07,151.74,11853.54,7385.29,9441.44,3616.78
User_293,Axis,Travel,10345.73,2449.84,2139.25,1640.1,532.49,2712.52,1035.05,8112.21,2792.54,2867.28,1428.65
User_294,SBI,Travel,127.87,2182.08,350.23,3700.48,8436.68,8501.88,4265.13,940.55,7879.15,8610.97,1026.93
User_295,SBI,Cashback,2643.31,12705.46,46130.7,238.7,17824.96,7630.27,28391.96,4897.52,14718.69,504.43,4122.79
User_296,Axis,Rewards,2257.13,4954.54,9960.55,1635.85,3593.94,6975.05,2409.85,824.13,2884.62,254.34,1724.26
User_297,ICICI,Rewards,14757.52,5814.28,14021.95,2365.26,1331.9,6535.94,1612.21,1452.55,1080.35,567.04,2508.77
User_298,Axis,Cashback,2166.93,22281.05,1121.71,13746.2,9021.5,478.61,26000.21,1904.42,624.34,10635.04,2990.28
User_299,SBI,Travel,678.38,2604.39,6067.19,1447.59,1494.2,12.58,765.89,8331.53,2331.98,16601.25,865.56
User_300,ICICI,Cashback,388.05,3587.23,4056.58,8539.36,5648.72,7277.6,9927.07,13109.76,2491.66,5107.98,3380.7
User_301,Amex,Cashback,27613.73,5820.88,2721.62,8425.51,16965.08,8503.74,8273.94,22833.7,5621.77,24627.03,4131.06
User_302,ICICI,Rewards,5978.4,14200.77,1330.57,2160.47,29886.72,1906.47,8286.12,8554.56,6645.19,10224.73,5367.07
User_303,Axis,Rewards,6317.27,14707.44,2066.17,11481.4,2780.72,4432.64,3349.49,2740.26,23709.41,4566.2,4195.53
User_304,Amex,Travel,7523.2,4265.52,14161.41,2679.62,25701.63,20635.31,3785.65,12021.14,7829.53,3787.99,6182.29
User_305,Axis,Cashback,4041.14,10187.26,10241.7,12336.44,19330.64,13554.53,12724.92,763.22,6556.15,3664.0,3182.0
User_306,Axis,Cashback,5632.11,1281.81,8666.8,32999.32,532.2,4485.14,3028.03,3540.75,31120.7,8217.12,5473.88
User_307,HDFC,Cashback,577.48,2298.65,1934.22,3126.58,26577.5,5049.08,1745.59,6048.32,644.12,106.46,2023.28
User_308,Amex,Rewards,11004.36,14705.32,37188.06,10981.5,10714.3,793.89,547.27,12337.33,8879.6,28144.36,3471.86
User_309,HDFC,Rewards,7800.56,3547.99,665.92,16874.97,1548.43,12265.8,4317.96,2493.58,6250.43,21156.36,4826.74
User_310,Kotak,Rewards,4285.72,5375.78,1207.13,4145.75,9900.19,9190.51,13371.98,2322.99,1952.11,7057.82,3515.99
User_311,SBI,Travel,17161.06,3071.01,4865.81,351.4,37442.43,12671.53,31110.59,3547.32,10868.28,13045.57,3423.08
User_312,Kotak,Travel,22313.23,16402.39,10194.69,2466.08,2509.81,25091.34,78.44,9553.23,9295.65,7396.13,4949.65
User_313,Kotak,Rewards,2387.61,1124.16,2752.07,13875.58,682.79,35099.04,5704.84,30692.07,20489.51,4417.33,9306.29
User_314,Kotak,Rewards,3173.95,14322.44,3686.75,4830.82,6888.88,28273.17,2428.52,58.28,716.83,27196.35,4239.15
User_315,Axis,Travel,14457.08,10474.04,8714.87,352.39,42.51,1471.02,6708.97,3262.41,3171.13,13299.58,2916.6
User_316,Axis,Rewards,1682.19,536.5,2747.67,6198.56,13347.39,4386.57,9422.75,8190.83,901.95,3151.6,2464.37
User_317,Axis,Travel,11869.97,6234.81,15850.38,9946.63,3140.41,2167.33,13833.52,40686.44,7370.21,23088.3,5334.48
User_318,Axis,Rewards,603.12,11124.51,3991.88,6484.46,2852.05,4432.61,15410.08,465.51,1579.13,8161.64,3180.38
User_319,ICICI,Cashback,4410.96,893.86,27875.7,1709.56,492.33,6390.88,9497.8,233.29,7604.37,5375.25,2978.24
User_320,Axis,Rewards,12298.67,10883.76,6502.31,2231.16,4347.8,12453.09,254.89,12024.48,2166.78,1230.05,3299.71
User_321,Axis,Cashback,7476.38,2482.81,45877.55,8614.49,1496.01,11769.1,22992.42,13785.7,801.81,22810.72,4246.23
User_322,Kotak,Rewards,11840.51,2464.99,26144.77,6446.9,35462.7,12118.12,2930.97,2184.72,12483.47,20850.85,5049.98
User_323,Amex,Cashback,1276.97,9528.09,446.27,9591.24,4069.24,2679.77,117.33,2280.9,1850.97,621.22,1237.15
User_324,ICICI,Travel,10649.02,16172.71,914.17,6971.29,1594.89,12232.71,35950.59,13976.44,1030.3,5646.88,10843.07
User_325,Axis,Rewards,15468.85,263.17,2115.36,3166.68,12605.98,17998.62,3225.04,7614.55,4166.24,4238.51,3492.55
User_326,Amex,Rewards,7521.1,17993.65,655.13,52648.65,3762.69,5503.8,16171.74,27417.05,2228.01,8464.18,8306.96
User_327,SBI,Rewards,9033.89,43568.65,1239.48,15031.04,11486.04,9158.07,8094.58,2305.35,9096.16,1058.74,3638.48
User_328,Amex,Cashback,5380.81,7120.26,647.94,7322.36,3180.36,7620.42,2309.67,1949.9,10090.65,1183.64,2713.75
User_329,ICICI,Rewards,5682.01,2298.41,16614.84,1736.57,15458.88,5873.53,12634.52,8941.37,8549.24,2809.63,6438.4
User_330,HDFC,Cashback,2173.37,5695.14,8383.9,15021.06,2618.07,7832.14,1583.34,23759.0,133.71,4738.27,4481.04
User_331,Kotak,Cashback,1862.73,40503.42,2902.78,14156.38,3657.94,5329.94,11481.7,7840.16,2535.77,2722.18,2687.69
User_332,HDFC,Travel,17058.08,15525.94,5513.12,21644.69,712.59,2302.85,5414.66,1058.25,3547.11,23475.71,3266.64
User_333,Kotak,Cashback,1185.28,2143.92,16514.61,21253.2,4430.51,423.02,327.26,6947.64,4063.82,236.73,1762.83
User_334,ICICI,Travel,6621.11,5010.04,21042.45,7962.82,14689.86,110.4,1123.6,13481.6,14684.04,24485.07,3221.2
User_335,Kotak,Rewards,2390.83,12915.27,4358.26,6128.0,9337.41,7338.46,2240.24,2302.59,5248.01,1267.94,2426.75
User_336,Axis,Cashback,5210.82,30678.82,1157.0,14904.78,12823.08,8944.43,11026.4,16587.2,3866.83,18646.63,4458.58
User_337,Amex,Rewards,1983.5,1918.45,3705.63,5316.89,6231.4,13512.61,692.55,418.83,5903.99,14178.15,4935.17
User_338,Amex,Rewards,51097.39,5790.87,5634.85,5119.76,1783.59,1613.45,14303.5,28491.15,21407.25,2083.19,6495.69
User_339,Axis,Travel,656.99,15140.82,10857.67,1213.03,504.08,64931.04,432.03,8333.23,9955.98,1768.13,7579.02
User_340,ICICI,Travel,10310.62,24042.05,4085.79,7539.17,11550.43,6333.17,6668.76,4793.68,9932.19,22730.15,7619.15
User_341,Kotak,Rewards,11636.74,6778.01,2866.68,2173.26,19157.06,15368.26,6061.77,13195.64,14046.62,4495.96,6029.58
User_342,Axis,Cashback,14118.04,8307.81,6454.53,566.9,3056.97,881.79,29893.65,1306.92,1482.46,19843.93,3100.87
User_343,Kotak,Travel,16362.09,12214.2,7992.6,4604.07,20870.48,3658.3,16810.25,3789.02,13999.58,19603.42,4277.38
User_344,ICICI,Rewards,6031.26,1369.64,746.66,6935.38,690.94,33164.02,1163.0,5174.6,3041.14,775.35,6522.14
User_345,ICICI,Cashback,1324.13,4654.38,439.42,15524.43,8646.29,12357.53,2985.87,5458.26,16957.83,52284.87,4107.49
User_346,Amex,Rewards,4980.98,1007.85,138.86,2503.46,4395.75,10175.31,757.69,8947.53,11044.14,907.43,4250.28
User_347,Kotak,Cashback,9669.04,11445.0,38653.42,6930.04,2741.99,13540.36,7102.07,6484.94,2179.71,10520.42,3254.21
User_348,SBI,Cashback,17278.08,15484.48,281.74,22447.45,6724.3,18817.06,13990.49,7219.66,2486.53,1706.22,3981.22
User_349,HDFC,Travel,2985.44,1654.99,9706.01,4472.65,1468.89,1533.29,9582.56,59.3,1683.37,3491.49,1430.24
User_350,Kotak,Travel,11206.49,27466.44,45584.92,12027.58,10417.99,1281.78,11477.95,6892.52,13471.93,7097.4,4785.18
User_351,HDFC,Rewards,1271.45,341.68,654.43,14687.21,1973.89,2551.56,6953.48,18217.33,2938.06,5626.91,4954.45
User_352,ICICI,Cashback,4740.79,8307.58,24286.57,11100.93,14677.59,5612.31,16595.76,13590.73,1575.46,10518.29,4842.08
User_353,Axis,Cashback,24986.17,8396.3,15873.41,11695.68,2502.68,315.29,4056.39,7090.15,11630.11,22979.82,3857.3
User_354,SBI,Travel,1169.4,6658.39,9008.74,7972.54,920.06,600.53,1140.08,9009.33,8039.0,2722.91,1742.62
User_355,ICICI,Travel,490.94,7969.78,13513.45,3361.36,4252.29,10993.54,26382.14,19193.83,10114.98,15145.68,8376.36
User_356,SBI,Rewards,36507.35,7755.9,9468.75,2647.28,18273.48,4854.07,8481.72,16590.27,23781.57,11523.61,5809.58
User_357,Kotak,Cashback,13358.21,5980.23,16747.15,7183.16,6305.62,32378.71,3426.89,1522.61,10420.81,41335.61,4945.02
User_358,ICICI,Cashback,11732.82,1489.65,3388.61,1176.62,12909.04,2098.03,2261.68,52830.88,38458.29,11227.36,6532.17
User_359,HDFC,Rewards,1814.72,3993.33,2161.55,3870.66,234.94,6225.88,10454.18,3876.26,11453.15,608.34,3811.87
User_360,ICICI,Cashback,3238.21,512.44,8807.42,1534.0,771.01,4893.69,168.78,4205.42,5207.27,1051.75,1213.97
User_361,Kotak,Travel,2392.87,2854.82,6763.2,8073.56,17403.87,26151.5,20710.09,3702.08,4353.41,48642.61,4444.42
User_362,SBI,Rewards,2578.46,4118.07,382.23,12761.69,6398.67,4017.34,8016.58,380.11,2946.24,4522.61,1639.22
User_363,Kotak,Travel,3997.57,34847.16,1636.08,25634.75,43597.95,2402.49,15775.94,506.65,6405.94,8948.47,4726.51
User_364,Kotak,Cashback,12436.1,7317.66,18495.43,33517.04,248.76,45114.99,1004.13,18774.9,3667.48,1580.51,5799.21
User_365,ICICI,Rewards,548.4,602.05,929.39,2723.67,6177.92,10450.77,7990.42,971.13,2577.19,985.07,4455.06
User_366,Axis,Cashback,7384.83,3714.45,8027.44,4583.29,7045.05,4190.72,2454.99,14549.66,3576.59,4265.98,2102.04
User_367,Axis,Rewards,4697.86,153.38,12364.12,12577.11,11189.69,2405.4,13106.49,5653.26,3379.38,7087.32,2930.54
User_368,SBI,Rewards,3870.93,4290.7,9281.58,996.76,9627.89,13608.59,12534.87,9160.53,34688.97,2981.19,3635.89
User_369,Axis,Rewards,1108.82,12813.65,12539.54,31606.11,12260.23,48275.2,749.9,1549.49,676.98,3078.08,6794.47
User_370,HDFC,Cashback,845.28,52869.25,33447.51,6374.37,1455.31,3373.24,2459.48,2383.67,13243.02,5111.87,3684.21
User_371,HDFC,Rewards,7104.16,7899.12,291.25,15932.1,578.52,2038.47,6755.48,1127.05,345.12,2434.73,2339.84
User_372,HDFC,Cashback,1021.31,542.94,16454.62,4793.17,6835.15,1985.34,2617.32,1416.94,534.47,1033.74,1419.54
User_373,ICICI,Travel,6751.68,5496.54,21802.97,644.0,2808.61,3672.91,13007.05,41742.94,2347.93,17686.38,6008.41
User_374,Kotak,Cashback,8895.93,13166.22,17787.54,12522.15,222.25,2863.12,21981.72,4207.46,17381.54,6151.06,4108.1
User_375,Axis,Rewards,12930.68,394.83,7565.53,968.69,3452.82,5108.97,3310.6,4709.34,36372.38,933.16,4406.16
User_376,SBI,Cashback,150.85,17738.42,11484.69,7708.28,1847.99,7123.71,5924.74,4884.6,17773.91,16335.82,2643.6
User_377,Kotak,Cashback,2433.49,1579.45,6029.67,1252.82,2138.42,1437.74,405.02,9932.44,1660.28,3620.67,1416.36
User_378,Axis,Rewards,7695.57,26183.88,10196.08,4177.5,13803.76,2681.6,11136.99,7319.58,46596.58,1205.47,7654.2
User_379,Axis,Cashback,3795.85,72.42,7656.24,3755.78,14812.69,270.65,9815.91,31693.29,2140.1,7124.07,2978.3
User_380,SBI,Travel,11688.92,3488.48,7617.31,26756.31,8393.68,17766.52,3379.14,23097.41,9893.3,25678.94,4274.07
User_381,SBI,Cashback,5032.23,4239.28,5692.69,2581.56,2868.78,22446.42,6970.96,8219.53,12939.07,12784.48,2567.89
User_382,Kotak,Cashback,789.14,5190.92,5988.81,5073.35,3497.29,59.5,1806.62,3753.58,1981.48,8050.33,1103.71
User_383,Amex,Cashback,15976.35,120.4,988.28,12861.31,3630.7,4921.07,6437.89,6726.53,15887.9,34282.58,3423.44
User_384,ICICI,Cashback,3418.84,24387.98,9235.05,1409.72,3549.16,22.29,55977.04,597.46,5633.62,12902.84,10152.34
User_385,Amex,Travel,9203.81,9256.7,2431.26,3429.84,1526.4,24344.99,6728.37,17683.8,2344.91,9876.92,8047.7
User_386,HDFC,Rewards,1941.15,272.93,981.73,16366.41,2723.85,4871.91,6311.03,2228.17,776.12,1127.69,2916.91
User_387,Axis,Cashback,4733.67,63.72,6906.18,23715.03,15578.68,16253.85,14770.75,3645.23,13503.06,1439.83,4169.32
User_388,SBI,Travel,7486.01,1164.64,12029.74,2085.31,5162.18,6886.41,29891.85,37638.37,6507.53,35352.96,3221.32
User_389,SBI,Travel,1802.08,13684.26,578.14,10817.11,2241.31,311.47,6236.55,1482.21,1573.04,2058.82,1638.63
User_390,Axis,Rewards,5730.52,428.24,8828.35,1156.15,3147.95,4040.99,4845.36,8449.95,1088.24,5670.23,1948.73
User_391,HDFC,Cashback,12158.82,1141.53,13893.02,13091.45,13576.05,4897.88,26213.29,42790.78,3277.39,1231.79,7850.18
User_392,HDFC,Rewards,7320.58,6553.69,3331.65,5591.52,2386.07,4205.31,10214.68,25781.54,17477.67,17611.29,7411.28
User_393,SBI,Travel,23664.72,49412.32,2963.46,7019.54,2901.6,18320.74,7076.9,7637.45,1423.36,8329.9,5680.39
User_394,ICICI,Rewards,8319.16,6955.04,13943.84,993.6,26596.52,6118.48,37798.15,16980.05,1753.44,404.74,14746.47
User_395,Axis,Travel,2977.11,2898.34,9820.67,535.06,2055.56,8502.02,1031.26,7993.04,10160.13,9490.82,2547.67
User_396,HDFC,Travel,5262.63,4410.04,14190.59,18799.24,16002.62,9335.42,1232.19,2703.27,393.26,22274.74,3493.43
User_397,ICICI,Travel,3954.36,19791.24,3183.55,17.42,5002.16,8957.88,6899.87,20982.79,1179.76,8547.96,7100.79
User_398,Kotak,Travel,14921.29,12074.83,11402.95,18046.55,11083.15,2278.54,10562.49,3176.81,2395.54,654.86,3091.74
User_399,SBI,Cashback,560.78,173.38,24747.29,1267.43,264.73,1007.41,190.11,2379.08,7757.81,1996.97,1668.45
User_400,Amex,Rewards,18781.01,23359.62,16509.04,12390.4,358.71,8519.79,427.6,18367.33,4303.35,9197.14,6269.98
User_401,Kotak,Travel,8947.05,2091.09,8170.89,1277.57,3145.44,8047.94,1621.46,12664.31,534.41,75.84,2326.65
User_402,Axis,Rewards,47733.27,29981.7,1461.03,7646.87,2027.18,5541.01,628.5,2513.35,4475.48,5724.61,3742.04
User_403,SBI,Travel,4704.52,2709.5,6447.51,1458.3,4341.87,17875.12,1329.19,3943.7,6543.74,8706.54,1704.1
User_404,SBI,Rewards,3392.31,180.17,12289.75,375.18,17177.9,1084.94,1619.89,5559.61,11500.74,1285.51,1698.55
User_405,SBI,Cashback,43.12,2321.5,4750.74,8840.05,7767.98,5545.51,7094.01,719.35,1082.52,1104.23,1080.24
User_406,Kotak,Cashback,11023.8,4627.39,7040.17,9473.65,1695.32,4652.17,13898.61,8346.01,4157.06,8544.83,3113.29
User_407,Amex,Travel,10320.91,1631.75,1347.69,19730.85,1543.19,1980.44,22885.41,8691.66,7877.49,12555.61,4005.15
User_408,SBI,Cashback,2119.97,20081.26,1602.39,55387.97,6694.06,20789.09,5841.75,13759.67,2969.46,2198.39,4312.73
User_409,HDFC,Cashback,7864.37,10041.37,6849.33,14806.14,9858.96,4739.52,6391.91,14977.76,5544.57,10004.07,4245.0
User_410,Kotak,Cashback,1795.32,3599.74,22268.22,6953.17,5388.84,17524.09,5726.72,4842.2,9235.69,8087.0,3125.35
User_411,Kotak,Rewards,4481.16,3328.99,5102.65,3733.48,1557.57,3724.64,525.59,6007.59,13463.64,9051.69,2388.27
User_412,SBI,Cashback,4727.83,16507.99,4857.0,16438.22,5515.19,39566.52,10599.14,5898.79,35025.27,8789.05,5000.99
User_413,HDFC,Cashback,14568.29,994.15,5838.21,3413.54,9312.3,3483.74,3299.71,938.36,784.39,10712.31,1597.1
User_414,ICICI,Cashback,29239.59,1615.37,50.88,9226.37,11579.43,11447.94,741.82,4988.45,9151.93,3230.23,2711.55
User_415,SBI,Travel,7869.61,13846.72,3573.96,11527.22,20825.48,2486.52,29342.82,9497.37,4187.58,6637.71,3182.52
User_416,SBI,Rewards,7701.67,1842.32,6446.94,11550.92,3983.79,5523.67,6674.24,7610.25,2051.41,214.78,2327.6
User_417,ICICI,Travel,8458.37,15111.3,10768.17,16661.16,11294.34,18703.33,4268.28,2066.2,15658.94,11440.91,6983.44
User_418,HDFC,Cashback,1984.36,27879.68,10237.95,25679.93,4541.73,5255.1,18608.28,6070.38,10016.43,2369.17,4846.16
User_419,ICICI,Travel,2281.46,9.34,396.22,37436.37,2745.29,10767.9,18071.59,7913.02,1644.23,12882.59,5077.83
User_420,SBI,Rewards,12920.42,20713.89,5800.24,3963.42,29550.76,7761.73,7362.05,2103.92,1225.42,19761.15,2989.49
User_421,Kotak,Travel,5704.0,7312.87,21981.48,4737.68,23231.4,1051.96,17098.97,21445.58,2287.99,6416.07,4242.31
User_422,ICICI,Cashback,4207.68,342.94,409.57,912.75,1973.96,3727.38,4897.58,3295.09,7137.39,3629.66,1875.48
User_423,Kotak,Rewards,8837.07,1589.38,721.72,5635.64,12787.69,792.91,11643.41,12380.31,4883.09,437.77,4082.88
User_424,ICICI,Cashback,10455.24,19214.68,7344.72,1113.68,1087.88,10732.54,1706.74,3345.54,5613.22,210.75,2705.64
User_425,Axis,Cashback,15036.22,8138.74,14643.8,4399.77,32697.47,4108.47,1775.04,11457.3,21466.67,11509.52,4889.43
User_426,Amex,Travel,691.56,339.61,10520.42,2306.2,1595.46,6061.55,8507.76,9323.7,1784.77,8984.98,2490.55
User_427,Kotak,Travel,5850.96,9812.13,4824.7,649.03,26115.91,5306.06,6924.18,1962.86,4803.27,4075.9,2469.22
User_428,Axis,Cashback,9947.53,1501.24,1187.31,3849.01,8016.7,350.12,4708.09,694.97,203.35,296.67,657.36
User_429,Kotak,Rewards,15441.48,9644.4,35007.14,3513.18,1288.98,6076.74,11662.81,23981.09,5168.15,12900.03,6475.95
User_430,Kotak,Cashback,2565.82,588.44,8169.58,19031.64,19702.89,11246.66,5156.0,6776.4,1885.26,5594.32,3025.8
User_431,Amex,Travel,10588.05,14503.4,8755.61,4731.19,25566.56,5659.26,8877.84,37301.36,8464.02,3106.71,7085.64
User_432,SBI,Cashback,16967.79,7274.22,6420.63,931.41,143.48,29440.62,4201.71,8207.92,737.65,10204.58,2989.79
User_433,ICICI,Travel,5311.57,448.65,17159.02,20269.54,2190.8,9645.74,2667.32,15896.39,3965.06,4756.92,3073.73
User_434,ICICI,Rewards,20378.66,16092.04,5106.93,2901.02,20145.5,9167.56,3650.05,13674.35,587.2,5630.69,5446.61
User_435,Amex,Cashback,56977.8,3199.93,1905.22,3104.32,19992.38,7560.77,11368.0,289.64,477.96,8051.99,3486.82
User_436,Amex,Cashback,3872.6,2838.09,5537.9,5340.22,707.93,20744.29,1138.45,3241.84,3684.03,9225.66,3963.12
User_437,SBI,Travel,4522.79,5664.27,16929.61,20336.73,37190.39,3215.18,22440.69,18821.22,924.86,6871.26,3498.76
User_438,SBI,Travel,25777.68,20909.3,401.38,3449.99,4331.63,2277.72,8265.69,8528.35,15848.12,11261.15,4398.67
User_439,Kotak,Rewards,7637.54,27299.9,9680.5,18124.8,11373.91,26233.25,5013.64,1165.14,6897.13,12438.19,5575.88
User_440,ICICI,Cashback,33910.42,22108.65,9484.73,12350.11,185.1,4560.26,17495.16,888.54,3654.69,9697.34,5039.57
User_441,ICICI,Cashback,1085.36,12334.71,5479.15,10720.91,2874.9,5582.54,15017.72,4859.77,3444.69,5935.25,4064.33
User_442,Amex,Rewards,7347.79,7758.54,5872.11,40954.08,14378.92,1045.9,23923.06,7884.21,857.41,9603.98,6887.18
User_443,Axis,Rewards,2605.34,19999.74,9315.32,641.29,40767.93,8207.18,3925.17,7237.19,22278.53,4153.3,5361.07
User_444,ICICI,Travel,6879.63,12008.89,34610.54,2149.31,91.64,748.16,4504.69,16416.65,68.5,5830.97,4461.06
User_445,HDFC,Cashback,27078.62,7531.83,15100.94,50273.34,628.56,1241.72,15563.18,4042.11,2487.36,490.33,4882.43
User_446,HDFC,Cashback,205.24,2186.6,5592.41,28698.79,6382.72,3582.96,8625.74,1240.58,9827.07,8781.89,3581.0
User_447,SBI,Cashback,6060.98,4610.2,20424.5,20981.44,3826.53,8927.63,24463.32,30594.78,6650.91,5638.71,4267.43
User_448,Kotak,Cashback,1963.22,4116.8,2525.29,19578.55,11177.24,7951.32,5705.83,11066.66,3207.87,3822.21,2908.1
User_449,HDFC,Rewards,9023.09,3783.04,4806.15,1149.33,4563.85,42923.89,36571.88,5151.25,10686.37,30361.15,14311.4
User_450,HDFC,Cashback,19155.23,7859.39,5829.02,6503.6,19699.96,10714.6,167.99,5273.15,8048.02,9534.04,3603.96
User_451,Amex,Rewards,3919.34,8933.39,8811.44,6015.34,2142.63,43845.81,22192.61,7975.52,10688.13,2980.78,19483.07
User_452,SBI,Travel,5130.38,32840.19,6697.26,3285.24,10481.68,1324.4,3439.47,3019.72,4006.03,10787.64,2912.15
User_453,Axis,Cashback,10957.86,5339.5,21179.41,3471.48,3240.73,8955.72,3854.92,116.43,13327.46,9126.51,3216.02
User_454,ICICI,Travel,8812.68,20720.59,1563.04,8764.43,21073.08,9105.75,13174.83,4842.45,1009.59,6372.56,7703.37
User_455,HDFC,Rewards,955.67,6583.13,5748.84,5189.02,8426.52,13067.0,2805.55,15811.4,1259.45,1366.42,6083.97
User_456,Axis,Cashback,1411.45,21634.99,1877.05,17256.27,615.96,37215.79,15579.5,85.55,18106.49,9053.96,6215.02
User_457,ICICI,Travel,4230.68,20160.11,1361.53,5629.61,6197.16,4602.21,456.64,5561.95,326.13,4463.97,5058.55
User_458,ICICI,Rewards,2121.09,4898.57,7107.79,2277.14,1562.03,11708.65,4765.34,534.14,301.03,2785.21,3917.36
User_459,HDFC,Rewards,17506.52,2986.64,7609.85,6068.08,5343.4,11779.87,27082.17,5454.27,10160.58,11028.63,7374.01
User_460,Axis,Rewards,13515.42,2321.97,591.46,3199.13,2604.91,5918.37,12623.37,16403.63,15641.86,3741.89,4781.05
User_461,HDFC,Cashback,9058.95,44449.93,13493.49,2296.85,1737.28,18050.36,5269.94,1322.62,17784.59,15193.99,4946.12
User_462,Axis,Cashback,33859.02,957.83,1955.83,14926.21,13446.49,10861.5,8965.02,10007.07,14939.16,36.87,4173.44
User_463,Amex,Travel,32991.23,12642.14,14991.85,10976.37,788.24,3978.4,10164.63,5574.07,3010.68,10527.38,5801.3
User_464,HDFC,Travel,9270.83,12667.45,5550.24,9525.15,2802.01,5688.71,15226.54,5636.41,36085.87,15531.79,5364.09
User_465,Axis,Cashback,3760.79,7862.38,1676.79,8930.87,1576.01,9430.35,484.19,10926.83,3756.87,1910.92,2061.48
User_466,ICICI,Rewards,65099.4,2328.37,1019.18,8228.61,6272.68,6948.68,10285.45,2907.7,22596.56,5352.38,6646.85
User_467,Amex,Cashback,4376.01,11205.67,2863.55,6787.35,26488.96,1653.11,5638.6,19850.8,40248.27,6977.69,5271.43
User_468,SBI,Cashback,1277.33,4046.44,1655.51,24071.37,1214.58,1299.47,10596.37,99.07,4736.55,5130.31,2020.42
User_469,Amex,Rewards,4352.26,222.85,980.34,11633.98,21534.84,7352.73,7890.0,2999.05,14873.06,14190.89,5095.7
User_470,Axis,Rewards,5146.24,20029.46,13829.82,7034.79,648.35,6368.05,7241.49,30186.22,11721.46,4272.12,6186.79
User_471,Kotak,Cashback,3025.03,17966.52,29058.04,7943.97,12439.47,10144.6,8810.6,2686.41,430.77,3078.6,2564.76
User_472,SBI,Cashback,8935.54,19999.25,21736.13,5849.86,6034.44,786.01,10902.9,16897.48,2753.55,5367.84,3070.71
User_473,Kotak,Cashback,5966.08,8126.96,15318.42,5588.7,4035.24,13714.46,348.01,17544.62,9925.14,12802.37,3972.73
User_474,ICICI,Cashback,9596.6,1162.68,17152.1,10599.18,2506.48,2531.0,2471.59,712.32,10756.08,22267.96,2208.46
User_475,Kotak,Travel,8726.95,2016.69,2192.9,4624.46,1633.75,137.47,6774.03,5008.63,4431.28,6899.85,1722.48
User_476,Amex,Travel,12366.17,3530.08,12518.66,3860.27,15059.22,10225.83,852.1,7605.52,4447.38,4212.78,3566.67
User_477,Kotak,Cashback,7537.65,6021.8,8914.22,286.76,6822.1,9431.12,1670.61,5069.86,1869.12,15708.76,2295.27
User_478,Axis,Cashback,2366.71,15624.97,14964.07,2466.5,9751.52,494.93,6637.75,148.21,25514.72,37499.62,5719.43
User_479,Axis,Rewards,3299.21,25455.82,9632.91,4877.48,20187.5,7678.4,27394.84,29709.85,2041.72,26.26,7855.52
User_480,ICICI,Rewards,3017.98,5731.72,2004.5,17016.57,2128.81,15590.14,752.96,7367.36,16371.89,1274.07,4968.21
User_481,Axis,Travel,37089.62,14379.37,4569.44,2655.88,4608.66,1242.88,1977.39,1407.35,6999.27,20210.13,3857.61
User_482,SBI,Travel,5602.23,1193.16,557.98,991.67,13980.8,9360.42,2374.35,5794.39,4186.5,6141.5,1235.84
User_483,Axis,Rewards,748.04,96.2,1470.07,5358.34,2037.76,4318.56,11563.15,431.99,2845.64,2712.24,2057.96
User_484,SBI,Cashback,1593.02,877.67,13541.52,1997.11,1571.67,12081.29,10549.18,3693.68,4171.93,1524.94,1610.99
User_485,Axis,Rewards,6071.66,11634.16,11948.6,812.24,8783.4,5653.98,1232.37,294.51,1319.04,10286.04,2004.3
User_486,Amex,Travel,3120.34,2752.77,11370.96,8280.21,2583.36,4440.66,728.76,16573.79,19880.3,28313.85,3268.08
User_487,ICICI,Travel,510.77,76.64,10797.92,1411.81,7697.05,32976.32,1067.32,1384.46,4885.37,15121.33,3910.06
User_488,Amex,Travel,5095.63,22870.5,2162.09,326.58,6790.46,3778.4,1228.34,7796.77,1167.19,1547.04,6852.4
User_489,HDFC,Travel,35080.49,8747.87,4738.78,1604.17,37702.11,15142.17,2910.9,639.71,513.32,1129.49,3451.13
User_490,Axis,Rewards,3813.12,4984.43,9009.32,890.97,12893.95,56225.11,6109.49,19080.74,9463.11,1866.78,9032.95
User_491,Kotak,Rewards,23837.11,2749.21,7233.86,2417.17,6799.88,3866.14,9300.31,2261.13,3961.06,4248.14,3468.03
User_492,ICICI,Travel,13664.7,405.19,14309.08,4499.79,8280.8,5872.11,2629.57,13487.9,29627.36,44315.5,3827.67
User_493,SBI,Cashback,4190.3,11531.43,1246.55,69.46,161.9,7088.51,4876.52,5856.72,60.11,4408.49,976.66
User_494,HDFC,Cashback,11486.17,1712.38,22014.58,2635.87,1069.54,2366.7,3167.77,392.2,4713.75,4971.05,1855.81
User_495,Amex,Cashback,3132.48,3527.09,1204.15,5194.68,2341.73,28651.93,3448.26,3506.39,4397.39,13101.9,5474.92
User_496,Kotak,Travel,12.34,14871.03,20952.0,15902.64,1405.23,4049.47,4751.8,29390.42,10259.85,11002.23,4754.65
User_497,Axis,Rewards,4819.69,852.9,2901.38,642.75,6004.37,3645.32,9264.65,1533.21,1106.85,3209.89,1760.02
User_498,Amex,Travel,13144.7,652.06,2345.91,139.55,9416.52,2165.54,4860.29,6115.89,2738.2,1783.34,1510.37
User_499,Axis,Cashback,1704.28,7650.61,9075.62,6771.87,5768.16,13494.23,495.54,2431.67,1727.05,26770.97,2633.0
User_500,SBI,Travel,23781.04,6945.44,8049.9,4345.24,182.88,998.12,11163.25,1964.07,471.36,5221.71,3121.39
User_501,SBI,Travel,148.07,23722.48,36315.22,3298.39,3619.2,32477.86,19928.7,954.92,20270.71,7687.45,4880.0
User_502,HDFC,Travel,2547.79,2178.23,32915.88,2656.02,13003.74,669.61,1489.2,19755.71,20689.52,7396.31,4623.53
User_503,SBI,Rewards,2279.14,7272.12,32112.89,1489.87,26335.34,1880.88,7803.8,4406.61,31198.48,2975.86,3732.54
User_504,Kotak,Cashback,23534.59,332.54,1125.59,102.9,6099.95,19627.52,7993.79,12610.29,97.48,5693.35,4183.78
User_505,Amex,Rewards,8242.92,1005.06,10863.28,1767.24,2926.4,12811.04,5759.39,14721.86,1794.25,7009.55,5900.11
User_506,HDFC,Rewards,8404.27,870.74,11339.55,3358.58,18728.95,19588.21,44412.75,8016.86,6981.5,16108.59,11055.76
User_507,ICICI,Travel,8618.45,30560.43,30874.87,1664.17,1514.33,4852.61,33081.2,2197.4,20269.26,1698.29,13107.73
User_508,Amex,Rewards,8657.6,1481.45,5674.01,1495.94,6960.5,11515.27,754.69,11211.65,5011.23,756.65,4572.24
User_509,SBI,Travel,12341.12,970.19,6121.08,14622.64,23871.88,6251.68,26040.14,6656.38,4348.42,16356.47,3190.82
User_510,Amex,Travel,3351.06,462.26,6548.36,7185.78,22099.11,10495.85,20250.55,19370.91,7520.53,6081.59,5105.07
User_511,HDFC,Travel,17589.26,1332.01,17867.47,2216.86,7031.12,2801.68,13869.89,24875.49,4066.69,1014.53,4690.4
User_512,SBI,Cashback,3116.49,2547.79,1593.9,5380.31,2524.39,10265.73,623.23,8527.47,2120.5,5253.19,1250.77
User_513,HDFC,Rewards,23453.31,20094.48,7067.35,5012.09,13763.6,9280.24,1636.77,13880.76,4520.85,1690.54,5719.11
User_514,Amex,Travel,1196.73,4134.01,520.27,1327.47,17515.97,22823.12,2872.55,15625.96,4789.85,1913.07,6108.52
User_515,ICICI,Cashback,10763.67,690.89,23229.81,13374.05,4020.62,2076.97,8611.5,32325.5,35703.48,16446.51,6613.17
User_516,Kotak,Rewards,2129.74,4350.41,6123.48,18333.84,10074.15,1047.29,236.25,1401.86,6862.61,35138.36,2015.46
User_517,SBI,Travel,4514.0,3226.29,824.65,14999.2,10986.32,1322.91,5160.22,4802.56,7051.17,21002.7,1978.38
User_518,Axis,Rewards,1561.64,4986.11,793.39,32689.08,30883.51,3515.08,43464.45,4041.88,8613.13,6881.72,7113.11
User_519,Amex,Cashback,1860.53,17476.25,6694.69,24430.8,30644.76,10534.18,18008.13,9574.31,13475.57,5079.78,6147.73
User_520,Kotak,Travel,3364.04,764.14,898.56,1566.24,3672.26,962.25,504.53,14321.11,90.68,6621.18,1619.56
User_521,Kotak,Travel,315.83,996.09,325.78,357.08,744.67,29530.05,7.34,3416.05,510.98,8502.15,2246.91
User_522,Axis,Cashback,755.71,12195.64,5169.94,25357.88,10545.26,951.3,29649.33,3002.89,4128.57,5165.47,3421.47
User_523,ICICI,Travel,21511.03,5090.64,48942.76,2020.06,5689.03,13395.08,15214.38,281.43,27665.41,8186.19,6797.87
User_524,Axis,Rewards,9452.39,958.88,3847.68,61869.51,1447.09,8689.62,13865.5,13474.48,78.65,13785.21,4990.49
User_525,ICICI,Travel,1573.49,3968.34,4936.28,4496.97,9949.18,2203.17,2267.72,11858.1,6296.85,4868.9,2482.21
User_526,HDFC,Cashback,218.69,1976.69,16778.07,45860.17,6978.76,8187.21,2532.77,10144.4,782.02,51462.23,6006.01
User_527,SBI,Rewards,2632.35,1392.66,20691.4,1847.7,39912.78,20053.03,7538.19,43236.75,1111.36,3916.77,4022.4
User_528,Amex,Rewards,2653.71,2607.43,1439.6,4310.48,7784.81,3562.88,2322.75,2228.96,4521.82,1860.57,2258.31
User_529,Amex,Rewards,6521.58,5677.56,1056.05,3819.63,9185.04,2569.26,15433.24,2732.88,699.56,2240.21,4759.17
User_530,Amex,Travel,24820.15,7204.04,23089.89,25083.99,9625.72,370.15,25156.65,454.36,20657.81,3700.26,6221.85
User_531,Kotak,Cashback,50.32,1667.29,3399.21,6982.73,8118.73,2446.18,4821.32,1407.23,1549.15,799.84,1126.22
User_532,Amex,Cashback,15164.63,432.23,13991.31,10353.87,11469.55,6473.64,1235.24,3122.84,43760.63,7637.06,5077.18
User_533,Axis,Travel,1506.35,21441.9,2713.2,1727.63,3040.86,550.88,746.35,2973.3,7985.57,12809.95,4422.32
User_534,Axis,Rewards,3214.77,2909.76,4725.49,5030.33,5843.83,1541.81,3451.46,900.63,21102.02,555.91,2679.19
User_535,SBI,Rewards,25857.45,35237.98,7931.71,6250.34,29583.2,11418.9,684.33,6392.9,2802.14,6471.06,4519.33
User_536,Amex,Travel,20430.29,12662.48,8866.21,784.95,31354.21,12101.28,2710.38,11806.24,14328.01,9446.96,7072.23
User_537,Amex,Cashback,9602.95,179.54,365.38,620.54,3811.58,3374.32,7241.58,4294.03,2309.58,15638.5,1817.98
User_538,Amex,Rewards,4158.03,7817.0,9707.74,7504.95,1131.31,4371.71,6158.59,14127.23,4381.03,18755.4,4286.6
User_539,Amex,Cashback,16424.19,1745.69,15853.39,472.76,16836.98,3061.84,2897.95,5505.54,21673.04,375.62,3104.42
User_540,Axis,Rewards,1979.74,5494.11,32016.74,21994.72,19600.13,23541.41,4629.7,32214.52,2178.21,6046.72,6833.9
User_541,Kotak,Cashback,13972.42,5224.84,16367.7,7243.63,2128.35,14157.08,3099.38,7199.84,837.8,10261.95,2991.16
User_542,Axis,Cashback,1279.72,1415.76,7917.42,3288.14,223.25,13473.32,346.78,9497.91,8135.27,36412.44,3803.63
User_543,HDFC,Rewards,6284.98,14410.36,45125.01,4408.38,3024.73,18577.89,1662.82,7486.41,4076.79,328.64,7197.67
User_544,ICICI,Cashback,2426.44,4435.07,6114.51,1377.66,2502.85,3945.76,910.88,625.83,6051.69,2676.32,1284.47
User_545,ICICI,Rewards,14158.69,5104.08,10544.57,2968.83,507.72,3063.2,553.28,3660.81,2686.3,3973.53,1804.65
User_546,SBI,Rewards,2172.51,5697.67,12356.34,33026.32,3257.15,5909.4,1240.3,22307.17,4958.16,8967.99,3664.26
User_547,Amex,Cashback,9885.43,556.59,5331.1,32237.49,4775.52,1774.24,13677.56,213.02,1883.21,35044.84,2699.74
User_548,Axis,Cashback,16718.76,9968.78,466.19,13245.02,16197.91,13918.9,6159.98,2299.56,16187.76,11265.15,4443.29
User_549,HDFC,Rewards,1103.53,1026.94,6786.49,892.79,297.66,28235.07,108.43,7780.95,1962.0,7951.13,7288.37
User_550,ICICI,Cashback,1191.64,3831.86,2417.69,25185.53,19657.23,6723.42,614.62,12172.12,9481.55,34225.34,3184.08
User_551,HDFC,Cashback,5747.7,30436.16,9359.88,8753.24,2162.14,10687.83,10894.79,2997.27,5191.42,2740.58,3492.45
User_552,SBI,Travel,15850.82,5792.15,690.61,17855.77,39426.24,3487.25,4963.01,2579.05,10922.96,2136.14,3357.35
User_553,Axis,Travel,1405.45,12087.37,4726.34,15590.6,9038.87,6820.34,2102.7,11472.8,41680.59,19781.95,7049.51
User_554,Axis,Cashback,13757.9,3702.85,5745.76,12906.3,10960.72,3689.83,3048.18,2197.87,6722.39,1791.21,2026.5
User_555,Amex,Rewards,7357.9,4366.29,5892.28,23432.1,16809.56,3865.7,1520.06,3530.83,30829.88,10595.41,4135.67
User_556,HDFC,Cashback,30413.5,2510.43,7725.11,6773.75,3145.13,17959.64,24183.76,16023.1,2286.85,954.73,5821.48
User_557,HDFC,Cashback,991.92,2878.29,34935.8,5968.29,12434.8,18664.77,34638.83,3220.1,13973.91,17785.29,6960.05
User_558,ICICI,Cashback,8810.28,823.78,180.5,1037.83,3327.48,1410.57,4166.21,1950.28,6499.92,7228.14,1589.58
User_559,HDFC,Rewards,643.61,4307.63,10180.38,11395.1,4919.87,16231.78,2245.97,3811.37,16500.4,16335.9,6097.19
User_560,HDFC,Travel,821.96,17705.16,3418.01,1736.69,2419.18,4785.44,2557.69,3417.33,1282.07,3105.48,2246.07
User_561,ICICI,Cashback,2896.22,9334.64,15235.97,9617.8,2744.66,9280.93,1121.43,949.84,2884.86,11215.64,2067.0
User_562,Amex,Rewards,20873.75,9957.54,10992.84,8705.55,24394.99,521.99,3555.9,24516.18,16406.99,209.27,4070.08
User_563,Amex,Cashback,79.3,2274.43,2114.21,3825.0,368.37,7615.9,1198.14,5513.22,7929.83,4025.6,2185.21
User_564,ICICI,Rewards,3508.67,13215.55,2788.35,6762.9,10925.92,3804.38,2880.21,4911.49,13605.34,21229.19,3992.27
User_565,Amex,Rewards,37686.02,1673.82,4260.37,19910.31,28005.06,31381.72,8652.89,1509.87,9290.78,4232.16,12742.09
User_566,Amex,Cashback,253.17,5666.93,1799.02,2922.39,302.81,1326.67,302.98,10503.97,5307.77,1984.28,1193.93
User_567,ICICI,Rewards,5285.79,1651.9,10709.84,12100.14,1921.02,21518.32,5720.14,1511.73,14171.99,15305.13,6610.8
User_568,SBI,Cashback,3532.52,28410.99,6193.77,419.3,26903.96,2855.23,1846.06,4446.66,1976.86,492.65,1467.48
User_569,Axis,Cashback,9871.99,4624.48,38874.87,1840.6,1792.02,947.66,975.69,1827.94,8571.25,12859.5,2431.17
User_570,Kotak,Cashback,3816.98,4210.95,8905.17,20437.62,636.11,11501.18,20443.56,2122.68,188.24,4663.51,2668.82
User_571,ICICI,Travel,2228.34,3341.47,3554.11,1929.43,6638.97,10556.21,14188.76,8309.29,9659.73,4063.7,4858.38
User_572,Amex,Travel,805.88,680.21,7038.93,1816.2,1774.48,38139.25,1256.76,967.42,627.28,5234.6,7343.16
User_573,Axis,Travel,11827.1,10757.9,30462.19,25482.53,10527.56,7692.22,7208.38,28175.49,1013.14,244.48,4915.53
User_574,Axis,Cashback,960.83,1839.94,18464.45,13442.87,8473.9,4508.53,5032.04,25334.78,23115.21,1660.45,5188.98
User_575,ICICI,Travel,4153.89,757.21,18663.6,1950.98,10923.17,2794.46,2224.42,15589.26,2572.7,2819.3,1997.38
User_576,Kotak,Rewards,945.98,18756.33,13414.16,995.16,703.61,486.4,13085.22,1172.46,2932.96,3245.73,2281.58
User_577,Amex,Travel,16525.7,4838.12,4174.47,10015.32,7891.8,970.59,6071.23,11377.53,41389.51,8486.73,4677.43
User_578,ICICI,Travel,47426.1,1212.4,11390.75,5417.58,7477.79,2967.75,12932.34,47501.76,10480.37,1297.17,6106.74
User_579,Amex,Travel,32066.22,9440.01,3545.76,3510.24,24235.87,5109.03,24126.66,3815.49,6424.18,10367.51,6654.05
User_580,ICICI,Rewards,2146.98,4108.38,1498.93,6607.74,5717.96,21400.39,24634.43,4481.68,6269.06,20987.45,12123.37
User_581,ICICI,Travel,11488.98,16315.12,7773.38,6630.05,1147.17,30708.43,9069.17,1601.37,7822.26,48221.07,8614.66
User_582,SBI,Cashback,10530.26,325.56,270.32,11795.95,4711.51,2151.51,6339.95,5028.44,3414.29,469.2,2141.83
User_583,Kotak,Rewards,11875.16,13136.99,4981.4,6670.92,3009.51,2068.17,7998.31,12369.15,6632.84,4477.55,4027.47
User_584,ICICI,Rewards,32844.33,7179.39,4250.06,16189.24,7673.51,4132.83,18610.36,22479.21,12448.39,535.69,9901.21
User_585,HDFC,Cashback,805.01,1424.13,11744.94,111.49,7664.01,3521.51,3247.05,39.06,9387.4,2446.39,1806.5
User_586,SBI,Cashback,14262.88,36729.42,8913.03,6002.08,36136.44,12084.29,4163.65,1590.1,21741.39,5288.72,4468.65
User_587,Kotak,Rewards,2641.96,1742.79,19070.04,22802.86,42018.25,7668.46,4061.76,10558.1,9668.67,3149.12,5449.36
User_588,SBI,Travel,8905.11,31613.63,20857.23,21401.38,4182.55,6496.66,7365.67,1982.39,365.39,33986.98,4745.79
User_589,HDFC,Travel,1017.65,13259.7,3033.01,3558.34,7158.34,10061.34,1577.75,6335.82,2911.52,2691.52,3105.97
User_590,SBI,Cashback,5680.82,9160.98,2.9,3316.38,2804.78,3463.55,19693.6,3940.75,2553.89,8429.37,1610.44
User_591,Amex,Cashback,721.92,3889.61,12153.3,7061.41,14979.44,28321.15,13887.33,8171.76,6001.15,360.94,6799.12
User_592,Kotak,Cashback,1863.33,12397.15,3773.94,9944.38,9971.37,6658.17,20406.7,3473.38,6717.42,8705.16,3180.28
User_593,Axis,Cashback,5199.42,4100.7,105.62,15708.15,474.59,6781.28,8944.02,9229.14,847.17,3452.91,1992.88
User_594,Amex,Cashback,10222.64,2543.74,2593.64,490.65,6242.68,1091.13,8842.8,9298.37,11041.04,2825.31,2433.38
User_595,Axis,Travel,2126.86,13913.93,528.57,10424.49,2547.96,3059.71,6879.15,8578.45,14781.48,1171.41,4497.28
User_596,ICICI,Cashback,523.42,22145.86,18087.12,7379.56,78.8,2599.15,4552.86,5372.68,3080.48,292.06,2614.82
User_597,Amex,Rewards,4114.89,478.87,64569.21,8135.7,17447.65,7446.75,545.84,4582.5,4772.23,22540.37,3822.54
User_598,Kotak,Rewards,10566.41,1193.69,19505.68,17118.47,653.0,1154.04,2048.15,3356.91,2310.5,10733.15,2061.65
User_599,Axis,Travel,13546.1,2835.86,1148.26,3937.42,12909.82,8824.52,368.31,6379.61,4588.67,12873.43,2207.05
User_600,Amex,Travel,6106.03,599.05,10103.33,503.83,4536.09,1317.2,9718.47,16891.36,5624.36,5215.28,2193.64
User_601,Kotak,Travel,6949.1,3391.95,3811.06,465.27,10045.1,490.17,5135.88,1060.24,9346.56,4386.69,1647.59
User_602,Kotak,Travel,1128.1,5136.78,14979.52,3842.58,4626.31,24132.31,12335.04,9981.54,5387.22,18446.6,3949.46
User_603,HDFC,Cashback,6595.14,2666.5,4999.02,6054.81,6256.68,268.89,9897.39,3088.45,1533.63,1394.49,1657.17
User_604,Amex,Rewards,4141.11,16064.49,4293.18,1036.74,31831.12,10300.63,5933.1,4940.65,3824.98,38845.0,6829.97
User_605,Amex,Cashback,15521.26,2724.36,26874.27,9448.21,5028.98,7334.65,9776.19,8636.38,7011.54,7398.16,3586.38
User_606,Amex,Rewards,7093.36,1277.16,13208.47,24495.22,26753.79,4185.66,1323.69,6641.39,1085.96,24705.31,2740.73
User_607,Kotak,Cashback,4845.28,11987.83,4576.39,24123.57,19539.6,17263.03,620.4,16163.06,12769.78,917.05,4883.71
User_608,Amex,Cashback,106.38,7425.16,33851.75,5390.25,7263.67,32119.76,2750.01,18250.69,7378.87,7866.44,6927.65
User_609,ICICI,Rewards,282.55,5381.49,1246.32,8130.96,1706.08,573.29,4428.01,668.92,5212.13,12817.24,2420.48
User_610,Kotak,Rewards,2645.0,1166.47,167.95,3847.48,6919.96,619.54,5830.85,6689.71,8561.96,1074.08,2397.65
User_611,Kotak,Rewards,2898.61,1690.76,23220.23,23513.28,14941.77,8885.79,2274.17,9797.52,3032.18,2282.68,3945.02
User_612,Kotak,Cashback,1228.42,14660.77,14557.51,55767.18,3327.6,3246.71,3936.52,744.91,1836.77,26611.59,2703.08
User_613,Amex,Cashback,34416.8,7548.28,363.2,774.79,14933.22,5259.43,12220.92,13625.13,18426.22,20992.02,4826.52
User_614,HDFC,Cashback,896.49,1238.64,7494.17,1934.26,42270.92,1905.45,7379.11,4998.37,11260.33,1525.25,3124.47
User_615,Axis,Travel,7102.64,16836.16,1134.53,4504.99,19005.59,9931.89,7818.75,2494.28,8856.08,22366.1,5060.3
User_616,SBI,Rewards,833.88,55122.12,486.46,12911.67,7095.93,36095.04,3426.66,9216.72,7990.96,14727.55,4155.8
User_617,Kotak,Rewards,5674.11,4527.1,1126.56,430.28,3586.57,3370.63,872.12,241.88,351.61,20597.15,1214.43
User_618,Axis,Rewards,11652.34,8368.94,31634.07,5536.96,12987.92,7373.43,7884.78,3419.63,6658.73,6982.2,3630.25
User_619,SBI,Rewards,2373.21,256.16,4074.12,4671.24,1095.83,8489.99,24922.36,17315.64,1304.24,12371.22,2572.45
User_620,Axis,Cashback,7715.36,18790.61,6488.69,4633.43,6742.08,8583.97,2078.8,22929.16,11123.17,9949.74,4293.65
User_621,SBI,Travel,4692.31,4042.03,2366.11,5967.91,3827.44,15233.33,15251.84,9228.72,19929.61,24381.67,2763.97
User_622,ICICI,Travel,2865.43,724.48,27109.02,2454.7,4012.96,7638.71,182.03,12098.21,5598.32,2373.14,2171.11
User_623,SBI,Rewards,19097.82,9814.78,2436.25,574.87,9939.58,7198.04,4391.99,3829.07,2070.53,9383.07,2657.92
User_624,ICICI,Rewards,12757.06,7745.51,8304.92,4114.71,24469.05,9318.77,11000.93,5100.81,2815.75,1260.49,6478.18
User_625,ICICI,Rewards,2105.84,10705.67,1625.19,8170.72,7572.79,13398.11,573.15,22123.88,12274.58,2462.07,5733.88
User_626,Amex,Travel,12795.29,13922.08,5527.04,14830.05,41.05,269.3,18263.0,11229.26,4505.76,10535.17,6189.57
User_627,HDFC,Travel,20950.3,13874.89,5033.95,17909.74,2103.98,13085.28,9782.85,5307.3,15767.82,34902.89,5698.32
User_628,Axis,Rewards,14059.13,1678.19,24316.7,8112.98,4100.47,177.87,10064.32,3540.53,8810.85,7810.95,2838.56
User_629,SBI,Travel,5688.7,23824.89,547.2,28624.91,10057.15,7104.76,9616.81,15398.99,179.71,28706.86,3971.31
User_630,SBI,Rewards,274.68,6370.7,416.59,6211.3,1415.27,10355.88,8266.68,15602.69,10605.89,13345.32,2194.72
User_631,Kotak,Cashback,2111.0,3586.0,2705.23,10465.49,7921.98,22824.54,34504.41,5869.64,7984.37,40247.33,5455.55
User_632,HDFC,Cashback,1977.48,7109.75,1302.83,962.1,2267.58,6477.66,4406.98,13122.17,55.47,290.99,2417.68
User_633,ICICI,Travel,3895.44,3171.42,17937.61,673.19,5348.24,8176.05,9532.55,15128.88,5083.87,11002.75,4173.25
User_634,HDFC,Travel,18665.75,5565.59,3171.05,4837.32,18036.28,1605.68,6077.95,6765.27,372.38,2173.74,2195.76
User_635,ICICI,Cashback,1310.41,7874.7,5597.24,2050.02,5227.8,12323.03,2327.15,1031.85,10774.87,3506.93,2709.66
User_636,SBI,Travel,10291.81,28684.02,11213.7,4368.11,16689.51,11593.78,3932.96,12635.83,25545.6,429.68,4641.55
User_637,Amex,Rewards,1737.7,2501.96,2100.67,8959.1,1612.47,6629.84,495.74,15176.22,4886.51,6155.8,3212.79
User_638,Kotak,Rewards,10274.01,20370.81,10022.68,9133.97,4111.17,10.54,1049.56,6270.08,9218.1,4430.09,2732.1
User_639,ICICI,Cashback,4439.54,2783.02,13650.94,232.17,8990.34,28535.15,10323.96,7876.25,2220.72,1245.93,4799.88
User_640,ICICI,Cashback,10221.88,1802.22,8046.81,21726.86,3577.58,10284.49,1929.43,9087.27,3802.12,2199.34,2619.22
User_641,SBI,Cashback,10905.75,9140.0,3187.05,198.41,5064.91,258.43,12978.05,16228.34,1045.68,5615.39,2034.59
User_642,Axis,Cashback,13993.32,8592.41,12542.49,26293.53,6925.07,27605.49,16567.05,7998.77,11025.57,4698.31,5265.8
User_643,SBI,Cashback,22486.53,26765.77,1158.09,1445.7,8540.56,23539.06,38425.05,496.85,4612.3,2511.11,4181.45
User_644,Kotak,Cashback,1156.99,5986.02,10478.4,13676.83,183.52,20036.23,7631.07,15137.39,14948.1,1907.44,4268.55
User_645,Amex,Cashback,4000.48,6344.89,241.43,5995.84,9286.06,4282.58,2730.58,2005.53,6353.94,7284.66,2025.43
User_646,Amex,Rewards,12874.43,7223.73,18795.81,6577.78,6390.76,7560.27,12128.21,29309.84,669.8,481.38,6777.68
User_647,SBI,Rewards,8397.87,5795.93,865.41,12860.94,12102.79,3287.26,3217.68,16009.52,660.99,18740.6,2447.07
User_648,SBI,Rewards,1833.18,8376.0,25178.19,30793.82,4154.61,16788.94,1423.72,461.15,11107.78,16040.61,4169.39
User_649,Axis,Rewards,174.16,17371.18,425.11,2566.93,10522.37,15290.34,8719.27,23195.67,1514.73,4154.23,5549.73
User_650,Kotak,Travel,5119.33,39070.44,7449.82,24642.13,49.48,12723.82,21527.18,1388.35,932.33,5098.13,4826.27
User_651,SBI,Rewards,6368.04,1292.37,6.71,14114.12,778.55,8534.99,20902.72,1987.97,9297.22,696.32,2861.57
User_652,Axis,Cashback,17035.08,4585.34,7963.24,11703.59,2403.29,17313.48,4611.16,13890.39,2204.32,14905.09,3331.19
User_653,HDFC,Rewards,2620.98,2977.86,3962.34,11639.97,3301.6,2932.44,52.37,301.96,3079.11,9846.38,1742.11
User_654,Amex,Cashback,7786.82,2638.21,3772.95,863.19,10086.64,5569.42,9801.75,2274.59,3116.3,3232.13,2499.7
User_655,ICICI,Rewards,7370.9,10316.5,3310.2,2755.49,141.92,9580.93,59.36,13126.7,3045.22,1896.78,3685.66
User_656,Kotak,Cashback,5801.01,2540.62,1562.53,15795.06,4724.96,13876.22,1161.31,811.28,9889.82,5833.18,2569.17
User_657,Kotak,Cashback,9147.07,3430.77,6297.27,2173.62,2722.53,26538.29,1613.65,4005.02,10552.05,1550.72,3348.89
User_658,HDFC,Rewards,2468.77,2314.71,1693.78,3323.67,3683.73,3985.11,274.51,3751.05,11522.19,2929.49,2354.19
User_659,ICICI,Travel,15077.39,20736.3,1591.26,4487.71,3893.61,4060.44,1048.26,13129.14,284.64,5871.24,5670.26
User_660,HDFC,Rewards,23447.7,18095.87,6320.47,5255.26,2678.64,12992.8,1401.86,11314.44,18339.02,2573.95,6480.95
User_661,Kotak,Travel,34808.48,1797.55,14808.31,4106.57,25845.35,10246.11,2073.39,12075.76,7477.8,15454.69,4790.36
User_662,SBI,Rewards,1280.6,4967.65,207.95,22202.02,8556.81,81379.73,4844.16,9547.58,9964.55,190.94,5540.71
User_663,SBI,Rewards,8080.84,19131.64,41554.49,315.57,11599.4,5147.8,9974.24,10902.22,27832.76,1997.04,4878.3
User_664,Axis,Rewards,6516.6,12586.05,4629.5,27727.31,6285.88,8096.84,16694.84,3078.01,747.54,11763.43,4489.12
User_665,SBI,Rewards,18080.47,2270.56,2393.38,2336.73,1749.17,6784.03,6343.22,2903.49,203.67,1651.29,2350.51
User_666,HDFC,Rewards,13789.41,43252.43,10836.59,15689.77,1028.69,47.82,5712.99,23221.62,2630.34,2457.35,6353.3
User_667,Axis,Travel,5730.48,35732.58,382.7,3797.47,3769.81,10035.08,1118.09,9901.76,998.5,997.54,6768.75
User_668,Axis,Cashback,9868.83,4469.51,3309.07,1412.54,7746.72,9564.27,4838.67,7009.78,4909.72,11132.88,2496.44
User_669,HDFC,Cashback,762.42,11415.51,16864.49,23415.76,7584.04,5296.68,2063.09,914.33,400.11,5747.56,2820.92
User_670,Kotak,Rewards,5701.4,8361.44,13458.05,1230.65,297.35,15949.24,2857.73,1043.31,4774.83,6890.98,2936.93
User_671,Amex,Rewards,18269.84,14522.17,43033.4,4177.66,1381.62,4702.11,299.46,572.83,38605.27,6799.64,5572.81
User_672,HDFC,Cashback,4601.73,4319.77,781.96,828.93,4077.17,867.78,2019.71,5327.84,5359.28,2111.82,1409.6
User_673,Kotak,Cashback,20698.67,5046.85,6232.04,7358.55,2417.3,6209.21,4575.71,11824.38,46527.67,2147.62,6616.3
User_674,Kotak,Travel,6244.25,69522.91,1584.96,7643.78,950.43,25363.55,1428.12,16521.03,856.96,16469.02,7098.53
User_675,HDFC,Cashback,2322.86,10500.3,13743.6,5954.24,8933.05,5661.12,20856.76,6399.54,17129.52,15014.01,4855.46
User_676,Amex,Cashback,11450.87,2012.39,89.87,12552.7,14440.74,513.65,7906.69,3979.97,13229.27,17378.84,2622.16
User_677,Amex,Travel,2188.9,13355.66,2940.84,24983.22,26955.19,2159.5,289.28,8441.55,4145.66,734.21,4572.24
User_678,SBI,Cashback,13833.33,6442.64,1333.77,13638.18,27039.75,11778.98,16564.27,4945.1,2255.16,11471.83,3313.88
User_679,Kotak,Rewards,1983.55,19815.36,1241.57,22498.7,99.89,4378.57,2706.3,3979.16,5642.73,3817.18,2468.16
User_680,ICICI,Cashback,919.68,5161.22,4259.25,10392.68,16818.32,9765.57,34307.29,38810.36,5755.2,19291.43,9128.53
User_681,ICICI,Cashback,13621.94,17334.63,12323.33,43555.81,5983.84,6283.65,10688.79,6002.91,18876.38,3311.71,5766.04
User_682,Amex,Rewards,1142.75,2994.65,261.48,617.58,3575.68,3125.82,1059.58,6704.23,5243.73,7117.49,2004.0
User_683,HDFC,Travel,16767.17,18194.97,8561.46,4502.81,45006.87,13462.58,6487.39,4069.97,16240.76,3429.04,5202.68
User_684,Kotak,Cashback,2958.21,8562.62,1083.99,9190.96,2877.19,2.1,1172.55,23428.2,17449.0,2298.2,3860.49
User_685,HDFC,Travel,41516.69,5490.39,13427.5,770.48,5922.5,38958.04,9088.32,3984.89,1504.02,14270.17,6936.03
User_686,SBI,Travel,5679.04,8743.76,861.61,2583.89,10775.07,3229.84,1960.59,7907.33,1553.32,16022.55,1526.17
User_687,SBI,Rewards,8459.38,559.48,4698.51,3520.15,2712.82,2804.1,5308.9,11515.13,396.85,81.68,1765.27
User_688,SBI,Travel,42412.93,9483.28,10331.88,2177.31,2698.56,10573.41,23612.36,39659.56,2166.77,1413.93,6015.77
User_689,HDFC,Rewards,4035.49,20.96,2928.42,4810.23,54426.33,8568.77,2647.39,4712.12,4634.01,230.27,4376.98
User_690,Kotak,Cashback,4922.9,2802.9,5725.41,4594.9,13647.73,4125.56,10387.5,822.49,2561.88,6313.72,2128.33
User_691,ICICI,Cashback,3727.37,10540.84,4085.19,20982.27,4507.06,14864.98,11905.81,28333.38,18670.05,16331.06,6927.23
User_692,Axis,Cashback,10949.44,12826.71,5828.0,5421.16,20493.57,31780.11,3316.04,1592.32,35356.23,6675.42,7232.02
User_693,SBI,Cashback,43727.47,16905.77,6494.53,53.25,4433.1,8824.98,4623.13,1388.32,6897.76,3444.69,5418.71
User_694,Kotak,Cashback,10068.7,1681.56,12572.01,11482.68,251.04,5386.23,4110.14,11236.21,2472.02,9072.42,2726.92
User_695,SBI,Rewards,11814.57,9158.14,1661.42,2065.08,40317.26,793.57,1449.09,1012.99,2887.01,1715.88,1945.37
User_696,Kotak,Rewards,12044.96,188.51,14394.75,119.11,9076.17,3852.03,8016.89,10097.6,3555.21,968.75,3701.45
User_697,Amex,Travel,8351.2,15395.26,8095.39,6234.46,5765.3,304.4,4642.81,42367.76,23485.73,4537.69,6667.86
User_698,ICICI,Rewards,715.8,12253.32,5851.38,11949.2,3108.7,3012.75,8051.02,513.71,3859.29,9494.83,4492.32
User_699,ICICI,Rewards,16190.77,450.12,27610.81,24308.81,4694.35,19311.56,3787.5,644.58,3516.28,3081.22,5472.81
User_700,SBI,Rewards,10288.19,9380.56,4571.29,428.76,13456.37,7295.84,5138.21,29211.29,19889.99,28245.51,3660.05
User_701,SBI,Rewards,13394.88,2594.36,6543.29,755.6,19615.07,1513.31,26240.44,22448.89,7023.26,15334.89,3760.36
User_702,Kotak,Cashback,1619.04,9982.49,6072.27,4001.96,2226.39,4881.07,11189.34,10246.83,2135.09,1594.53,2242.07
User_703,ICICI,Cashback,16499.1,19667.89,393.82,7443.56,12273.81,20910.13,596.21,22578.12,9379.98,2593.39,4880.83
User_704,Kotak,Rewards,8365.82,2388.26,2818.74,30568.35,6962.4,1686.87,39.07,3696.24,4572.01,3952.25,2268.37
User_705,HDFC,Cashback,1592.23,2255.17,7621.82,6708.04,18052.43,11531.61,6516.82,2484.02,3412.9,11366.96,3177.47
User_706,SBI,Travel,917.39,5330.43,9383.4,1462.39,3315.33,18187.47,1986.93,4431.34,463.37,4565.95,1411.17
User_707,Kotak,Rewards,5448.47,6723.64,5275.85,3859.95,2589.42,8468.06,13615.8,2994.69,11617.2,3792.93,3826.97
User_708,ICICI,Travel,11823.25,12587.92,3649.53,455.16,10.49,4902.32,2790.51,38737.37,9794.77,9478.68,6044.67
User_709,ICICI,Rewards,4828.94,2288.47,17273.17,5992.11,8080.36,12549.27,30065.26,6848.2,19281.93,3939.29,13129.61
User_710,SBI,Cashback,6077.62,2299.33,3655.57,14589.75,1089.87,32664.34,53633.71,4665.93,9847.29,368.58,3906.86
User_711,SBI,Rewards,2326.4,1712.53,7843.95,3977.66,1463.54,8634.2,6152.99,14460.42,923.56,11382.73,1866.8
User_712,HDFC,Rewards,1493.1,7432.77,391.35,2638.64,1233.35,8053.27,1026.29,8393.67,5939.65,807.92,3609.32
User_713,Kotak,Rewards,4405.72,8684.4,11108.83,5286.46,232.7,3761.11,5010.2,8868.77,2838.81,31246.99,3015.89
User_714,Amex,Travel,21645.51,44589.61,4953.19,14564.66,19713.52,3425.19,15923.25,11140.68,1060.71,4304.67,14163.84
User_715,Amex,Cashback,20297.82,674.04,11973.38,17068.14,21122.37,15070.79,2528.3,3020.84,4146.72,1118.61,3674.97
User_716,HDFC,Cashback,4366.89,2925.09,2603.42,28325.64,1315.87,10446.77,3.24,7167.13,19571.93,2684.02,4885.48
User_717,Amex,Rewards,6713.56,21717.83,553.54,1794.06,5963.01,7370.03,3412.97,4918.74,1982.5,7494.75,5499.79
User_718,Amex,Cashback,1196.03,7011.31,12543.32,7915.09,5212.2,10199.38,36305.58,1045.68,5183.63,5472.78,6246.5
User_719,Amex,Cashback,3295.71,1233.32,18401.09,5357.89,17721.72,7422.63,9442.76,13733.05,9062.85,4273.98,3570.81
User_720,Kotak,Rewards,15742.43,1033.99,29359.37,27035.24,3725.98,574.18,1539.68,41594.02,6973.25,3714.87,7379.62
User_721,Axis,Rewards,5399.18,573.08,6979.57,3272.12,6546.58,2035.64,2393.72,7705.0,7054.9,1822.2,1910.73
User_722,HDFC,Cashback,1166.61,1345.47,2001.82,44277.89,1895.5,2422.25,6542.31,2114.79,1476.93,1049.43,3251.89
User_723,SBI,Cashback,3101.58,7713.38,7870.82,25614.44,17820.76,8913.18,13759.35,23280.18,118.71,6386.6,3138.69
User_724,Amex,Rewards,3677.09,3543.4,2007.65,3453.15,5004.68,2545.79,5883.07,9277.96,789.45,2821.76,2768.04
User_725,Kotak,Rewards,1958.37,6963.81,14301.29,3688.54,16479.22,33959.22,763.94,1807.37,20457.6,21646.64,6041.69
User_726,SBI,Cashback,7127.96,744.16,12844.34,6025.4,29491.32,6982.22,12397.1,11098.43,2924.78,2074.27,2607.47
User_727,SBI,Travel,2396.93,19643.24,6827.92,33499.72,14499.72,7082.71,25651.97,6137.01,19043.79,3871.01,4781.39
User_728,Amex,Cashback,8774.42,21892.02,16991.06,16527.87,2722.99,36130.97,6851.92,6250.1,15168.24,7365.4,9003.42
User_729,Kotak,Travel,1581.49,1774.04,6185.06,1366.55,8339.0,1806.41,9908.34,22.4,6233.6,7280.11,1413.81
User_730,Kotak,Travel,14770.76,2350.74,3496.92,20027.19,35380.45,1757.84,8283.07,2899.83,745.38,4737.81,2835.45
User_731,ICICI,Rewards,340.0,1077.09,4968.75,14417.34,9226.87,4517.33,1062.42,2455.58,1140.53,2213.09,1813.63
User_732,Amex,Rewards,8317.44,277.89,17535.65,134.2,3889.97,66.62,5291.28,731.51,27444.16,6024.29,2829.08
User_733,HDFC,Cashback,5475.15,8506.94,5791.21,7646.36,13107.64,11042.91,6215.33,1339.55,5629.04,3910.86,3018.39
User_734,ICICI,Travel,4687.56,18536.74,15725.72,6282.16,9912.31,18109.2,5770.28,3167.3,11808.86,2094.87,7449.99
User_735,HDFC,Travel,7365.47,4029.69,4521.64,992.29,4419.27,2281.23,685.03,6775.57,2945.7,15643.11,1793.87
User_736,HDFC,Rewards,10598.42,1780.96,2010.76,19087.39,19541.65,11591.87,12078.31,1184.45,15527.34,15011.85,6177.49
User_737,Axis,Rewards,1302.82,1051.96,9293.12,2160.71,2860.36,1883.03,31273.09,19047.17,2587.92,3919.81,5270.47
User_738,HDFC,Travel,31086.75,2808.57,38208.63,6802.43,6669.33,20794.6,1693.75,620.9,7047.72,17994.32,5178.83
User_739,Amex,Rewards,3460.21,193.77,3932.58,6261.69,2126.0,604.21,1675.74,7578.19,2220.68,8576.95,1074.86
User_740,Axis,Travel,10296.08,8001.11,6109.95,6556.31,12614.92,879.51,10561.43,21651.61,569.88,1451.22,3296.46
User_741,Axis,Travel,14686.36,3817.18,32117.49,15079.94,9199.76,3530.84,17851.45,31058.14,7361.83,5487.0,4744.23
User_742,HDFC,Travel,18838.06,15944.7,1562.49,638.03,16606.74,5977.61,1550.54,24433.75,6464.41,10554.65,4897.44
User_743,Amex,Travel,1217.24,672.02,18864.12,3215.16,9401.85,3570.37,4444.53,2720.0,3759.58,4732.11,1801.14
User_744,SBI,Travel,6066.89,4402.14,1479.93,1386.28,6415.1,6128.86,1740.51,1423.3,3288.35,33.66,1208.12
User_745,ICICI,Travel,29807.07,11798.3,6370.66,506.04,27849.86,7002.68,324.28,12900.37,7245.44,1463.31,4606.31
User_746,Amex,Rewards,9047.97,10308.04,7466.1,17998.64,20907.08,10130.01,136.02,12588.64,5734.76,8832.75,5359.77
User_747,Amex,Cashback,10064.99,12501.73,2519.49,1028.12,24671.35,8149.46,1657.24,15648.1,24450.02,1843.5,4581.35
User_748,Kotak,Cashback,28001.21,24672.57,7944.59,4425.42,73.35,631.54,5628.28,5122.0,2052.17,5057.86,3075.51
User_749,SBI,Rewards,3972.76,56.87,880.27,2268.0,5041.76,455.45,16750.61,2650.36,14218.98,8847.93,1898.74
User_750,Axis,Travel,9317.53,9606.08,9366.74,7627.49,40638.74,12458.58,14183.78,19468.43,2296.18,827.44,4613.87
User_751,HDFC,Cashback,13108.21,4351.2,6275.04,5554.44,288.93,7084.41,13058.93,1271.26,6692.38,6679.21,2796.59
User_752,Kotak,Cashback,8928.98,2318.21,11048.41,26267.17,2295.8,4666.87,3228.98,32246.57,1313.85,23467.16,4828.98
User_753,HDFC,Travel,6026.83,4801.55,19345.84,25724.18,3511.98,19371.41,14772.36,25938.88,2739.03,8354.92,8079.63
User_754,Kotak,Cashback,87.41,13623.21,6783.97,6379.66,16953.39,31226.63,15384.32,31413.86,5032.39,12001.16,6476.15
User_755,HDFC,Rewards,29458.91,14268.54,15563.19,7251.38,1976.78,5300.28,7623.68,10847.0,8946.71,4788.51,5393.65
User_756,Amex,Cashback,4638.04,4062.42,4556.06,1826.18,1192.61,5587.43,5821.37,2382.77,3708.75,1832.38,2098.91
User_757,Kotak,Rewards,9085.25,5601.87,4783.92,8014.32,8877.46,6377.19,7644.52,791.81,23632.42,12194.24,3930.28
User_758,Amex,Travel,33293.03,10132.66,17549.39,7788.32,13520.36,5661.74,4872.33,11738.43,9374.12,11780.62,5455.8
User_759,Kotak,Travel,503.37,308.43,1679.09,443.16,629.37,9629.09,227.76,6179.25,1827.98,11788.5,1371.59
User_760,Axis,Rewards,3763.02,6496.97,951.24,45403.35,4335.09,3347.51,9685.96,3537.8,14008.97,4736.1,4172.5
User_761,Amex,Travel,2667.37,3756.39,3115.82,12942.97,461.18,1740.67,1714.12,1672.49,3378.23,2085.76,1826.19
User_762,Amex,Travel,21007.13,4991.8,11737.25,5437.67,285.84,2597.17,5882.59,20646.2,13453.85,1779.49,3781.46
User_763,Kotak,Travel,2236.66,7420.9,4294.2,3481.36,3433.64,504.0,4476.3,830.72,6850.16,1166.06,1338.8
User_764,ICICI,Cashback,2321.51,363.15,3466.88,5809.54,4071.73,2379.82,148.31,8705.01,3927.18,4400.87,1220.39
User_765,Amex,Travel,5918.5,1681.43,626.13,2143.19,16446.58,1077.56,3986.31,2387.8,310.07,2816.42,1259.4
User_766,Amex,Cashback,2837.24,750.49,22945.82,3953.32,7147.12,13065.1,3261.85,10478.49,1210.71,2864.86,3027.01
User_767,HDFC,Cashback,6677.02,7999.95,3635.14,14349.01,19115.26,3214.56,503.05,11514.53,9734.55,6056.92,3718.22
User_768,SBI,Rewards,644.87,1133.55,1249.28,4744.66,7247.2,4996.41,2839.27,1966.11,2612.97,6256.68,942.15
User_769,HDFC,Cashback,22814.25,12242.54,5204.35,24942.43,13370.64,18000.59,6489.1,10923.04,15986.45,8637.6,6655.41
User_770,ICICI,Travel,156.01,913.88,4906.98,2665.97,3474.35,318.45,8796.32,7514.7,1003.72,4925.63,2104.67
User_771,Axis,Cashback,1645.82,1197.87,23967.91,8251.21,9571.13,4564.92,21292.83,9025.71,13025.0,4084.6,4026.66
User_772,Axis,Rewards,7903.52,18653.81,10441.39,3451.46,7532.16,14061.09,749.59,35880.89,23695.15,22410.93,7962.99
User_773,Amex,Travel,14962.06,7747.76,54.15,5248.04,4903.02,1131.85,10548.34,11329.92,11939.67,12197.2,4307.23
User_774,Amex,Cashback,12973.25,5571.35,1983.34,2528.1,5791.06,2049.97,721.14,5510.38,2412.2,519.22,1213.2
User_775,Kotak,Cashback,33864.18,6804.12,10635.42,7523.19,31408.43,920.29,8086.98,13506.43,18255.52,10172.43,6716.54
User_776,Amex,Travel,10417.58,24.72,6536.47,5944.61,2508.19,3932.61,1857.76,10218.19,6592.81,4983.06,1700.27
User_777,Axis,Cashback,962.5,7137.72,8148.18,1600.81,6867.07,1505.22,4147.86,2007.75,406.34,8172.56,1166.56
User_778,SBI,Travel,2349.47,97.88,544.03,3520.48,6013.17,2092.78,6105.49,6158.83,6249.94,3482.93,983.63
User_779,ICICI,Rewards,17162.04,6378.4,10546.18,1240.76,28794.27,8195.85,10401.55,42257.58,11368.48,7954.87,9309.43
User_780,SBI,Rewards,3079.64,2973.67,14959.47,5766.45,4061.17,1990.03,14656.53,15603.91,8452.78,31888.35,2864.69
User_781,ICICI,Travel,6137.4,12216.11,18041.25,7943.38,21042.88,6783.02,5676.6,12898.39,397.36,1376.6,5123.42
User_782,Amex,Travel,6287.4,453.73,9211.25,6481.72,4643.02,8441.83,2546.18,1231.47,3528.79,3914.62,2351.24
User_783,ICICI,Cashback,7429.8,13940.64,12551.05,227.21,9836.63,1169.82,337.6,19777.44,3778.84,5258.97,2344.3
User_784,Amex,Travel,11715.76,5493.81,17167.66,4088.23,2527.14,3449.1,10074.23,6538.82,18940.69,7443.57,4459.09
User_785,SBI,Rewards,17639.06,2631.97,1720.57,5730.98,4134.48,27089.89,3713.63,462.22,22670.91,11102.29,4068.84
User_786,ICICI,Travel,6060.17,4345.7,5302.18,2125.84,4604.29,1784.66,866.91,3658.4,13626.22,1358.63,2220.69
User_787,Kotak,Rewards,15248.53,27771.3,8229.55,6218.27,3725.6,11939.08,27295.69,5056.4,6499.49,6723.09,6595.99
User_788,SBI,Travel,17441.56,1878.69,679.63,12944.15,15054.87,1480.79,16070.57,9683.2,6124.03,14793.52,3108.47
User_789,Kotak,Cashback,829.7,1162.5,26232.43,26761.45,4549.13,15438.01,9464.05,16188.99,32115.51,1345.23,6016.72
User_790,Axis,Rewards,6894.64,8810.2,21247.29,484.81,248.41,1630.11,35711.78,10424.38,7917.34,400.04,5979.62
User_791,SBI,Cashback,5473.36,966.15,11464.63,16806.95,1307.97,13273.61,4458.31,19094.13,10250.26,1825.63,3216.91
User_792,SBI,Travel,11845.85,27926.11,12180.79,6222.7,17790.43,8993.71,26039.47,7542.81,24161.67,5826.46,5114.39
User_793,HDFC,Cashback,1307.71,7051.18,821.77,10192.73,3432.85,8384.2,8146.22,28861.33,8903.94,9778.07,5684.37
User_794,HDFC,Cashback,132.04,28156.43,4187.81,3505.84,262.95,1368.32,11081.67,1874.26,4644.26,32543.42,2466.86
User_795,Amex,Travel,11974.78,1806.78,1616.75,6120.86,4896.26,12580.95,723.63,35974.7,144.44,9236.84,3783.13
User_796,ICICI,Travel,1631.45,15691.29,21793.15,3317.83,5745.96,4372.85,751.05,11153.28,17392.5,3626.64,5445.46
User_797,HDFC,Rewards,7837.19,135.35,9058.6,4544.85,11422.34,21059.67,17708.2,16339.5,4887.17,3040.13,9516.96
User_798,Kotak,Cashback,2100.72,3009.55,6181.43,14677.35,16892.38,8221.92,1319.94,7620.07,19012.08,18107.56,4061.95
User_799,Axis,Travel,9185.39,12923.33,5504.16,31.8,1160.98,591.55,2542.28,3918.21,249.82,2412.48,2518.59
User_800,Kotak,Rewards,4045.09,4432.0,3617.0,20247.27,1566.72,4712.1,8632.09,5274.6,17145.1,3077.03,3650.08
User_801,Kotak,Rewards,449.5,701.88,15458.79,1110.66,55567.56,2672.16,6344.55,30180.66,4309.15,4859.08,7223.41
User_802,Amex,Travel,2114.8,2529.43,5818.54,29189.86,15397.4,2888.75,3894.8,5386.97,33291.48,1631.97,3770.5
User_803,HDFC,Cashback,1176.17,39094.89,6510.79,26875.51,7820.33,8388.92,14513.65,21491.33,496.01,12977.4,6111.02
User_804,SBI,Rewards,13696.43,1539.89,399.93,4442.02,4776.13,5316.79,15555.2,914.8,10795.21,3657.6,2724.79
User_805,ICICI,Travel,11489.25,19431.69,1253.54,7789.8,13239.69,9798.19,19825.77,831.6,13008.26,8465.22,8884.57
User_806,Kotak,Rewards,67.19,3615.49,11583.76,4203.86,2331.9,12839.96,1059.26,1445.38,7268.01,2716.19,2322.79
User_807,ICICI,Travel,19693.99,756.92,3624.18,4648.96,11503.49,2263.63,2085.48,41747.1,23648.66,2889.59,4349.43
User_808,Kotak,Travel,25365.98,11565.97,2216.57,21764.92,8193.45,4943.18,7628.74,11159.03,6809.57,4487.58,4424.04
User_809,Amex,Cashback,10895.43,1379.55,330.39,7803.63,10942.1,12370.84,5005.83,1691.62,9834.82,8852.78,3606.66
User_810,Amex,Rewards,9267.9,4925.71,3178.73,890.16,468.29,6598.58,1426.8,847.65,1651.37,6482.8,3035.97
User_811,Amex,Rewards,6561.34,14806.94,33669.83,797.88,7968.5,2819.2,19452.53,1828.74,17888.7,5517.34,7683.82
User_812,SBI,Cashback,21831.33,8053.87,14165.2,13676.26,1871.1,9610.57,855.48,6180.76,1543.23,4694.19,3917.95
User_813,SBI,Cashback,12701.37,3191.24,4827.71,2517.1,4086.68,3630.66,10444.23,11788.03,41323.41,3101.57,4638.75
User_814,ICICI,Rewards,6924.57,7164.06,941.96,8573.68,32107.27,1145.18,5823.28,28814.73,35901.86,14291.41,7102.2
User_815,Amex,Rewards,14062.17,7404.35,7421.82,2034.96,9656.29,11866.04,8680.13,5285.5,17152.04,1040.7,7389.4
User_816,Kotak,Cashback,3871.06,2173.13,2287.37,3122.27,11668.66,22090.99,3732.24,3230.58,12115.37,3598.34,3336.29
User_817,SBI,Rewards,6933.23,1139.08,4797.95,2169.61,2086.44,6612.59,10438.37,22724.45,6533.09,31628.19,2681.94
User_818,Axis,Cashback,5794.68,10794.74,2777.84,26187.13,3974.97,3423.72,8738.71,9212.8,3229.57,4230.84,2610.19
User_819,Axis,Cashback,22706.05,2051.44,10539.89,21766.31,4353.0,2563.58,5920.66,11662.42,12344.56,2022.1,3487.84
User_820,Axis,Rewards,23798.72,4852.55,23530.51,7217.12,16724.2,9201.55,12545.56,6488.61,18854.02,7141.17,5388.53
User_821,Axis,Rewards,6432.4,3885.92,1549.67,4003.71,3710.67,9647.92,6644.3,3761.68,1507.49,5456.25,2571.23
User_822,SBI,Travel,3906.31,1140.28,995.31,14035.67,38479.72,26.56,17772.93,14701.63,18104.16,6032.42,2707.97
User_823,Kotak,Cashback,2588.15,5396.62,14406.94,2637.02,1706.14,9525.59,6349.62,6017.31,2471.88,295.74,1940.76
User_824,Axis,Rewards,7033.89,7720.37,18408.96,43003.61,12096.82,22636.84,1446.03,3670.65,10792.99,312.83,5251.97
User_825,HDFC,Cashback,118.82,2422.05,5688.11,6710.56,20497.26,8171.12,4222.61,21001.35,12112.09,1759.02,5013.73
User_826,Axis,Travel,8350.36,15863.0,13659.14,9985.18,43713.45,7759.98,1221.24,17925.96,2952.19,15281.48,4982.58
User_827,ICICI,Cashback,9450.72,146.27,4547.38,2096.54,6828.19,8346.45,12969.96,4211.64,33907.08,25533.77,5897.11
User_828,SBI,Travel,3966.72,7604.43,5582.48,2715.2,11642.79,914.9,27884.83,652.5,77.68,11383.47,1767.56
User_829,HDFC,Travel,28797.63,7900.86,2682.74,8850.06,5826.57,7966.65,8620.05,451.98,4979.71,34.76,2945.8
User_830,Axis,Rewards,37979.16,603.67,8981.34,20926.19,6911.47,860.86,8654.83,4248.19,1772.11,19902.18,2803.46
User_831,HDFC,Cashback,18171.57,13083.84,55.82,6186.24,2437.75,26779.54,2125.96,3733.59,8059.85,3386.83,4538.48
User_832,Kotak,Travel,1983.33,1567.3,4360.15,3834.25,2471.75,4996.1,2391.93,9645.37,708.29,3621.52,1609.87
User_833,Amex,Travel,9173.05,1145.28,1975.73,7108.9,495.71,9406.88,7146.02,7364.54,594.79,7123.1,3091.86
User_834,HDFC,Travel,15701.7,10755.25,4238.0,5083.08,4196.77,21060.28,3334.24,26222.13,19099.85,7887.69,7468.07
User_835,Kotak,Rewards,1466.58,15074.23,6850.8,1743.65,3291.97,31723.71,4914.18,25591.77,3902.59,8416.53,7623.97
User_836,HDFC,Cashback,7510.66,1979.02,6411.93,7722.44,8607.73,11103.81,2765.05,6218.01,29608.93,16932.43,5290.31
User_837,Axis,Rewards,28088.12,17573.0,1568.86,31558.59,20536.02,4029.23,1509.61,32957.09,1493.1,1740.37,5367.4
User_838,Amex,Travel,4560.81,3693.57,4573.75,7111.77,3117.45,1842.87,1157.34,2737.78,8621.62,9000.06,2079.73
User_839,Amex,Cashback,35804.62,14548.73,13837.59,18347.74,1.74,4238.65,12599.32,8622.33,1841.02,3409.26,3719.31
User_840,ICICI,Rewards,27449.43,23135.62,458.39,4306.32,1515.45,4884.38,13037.1,22118.53,7395.87,3211.92,8968.58
User_841,Axis,Rewards,6165.75,32661.94,9997.96,2651.01,6961.17,12005.34,4172.02,885.51,9343.66,31518.64,5306.0
User_842,Amex,Travel,13060.94,1155.94,8926.78,4144.19,2087.56,8417.75,9838.43,1437.5,17820.4,10081.5,4029.96
User_843,SBI,Rewards,415.8,13153.89,18339.57,18154.83,27674.81,16635.94,33487.61,5152.87,8913.03,180.66,4731.37
User_844,Kotak,Travel,349.19,990.45,640.33,95.09,7887.84,27.14,4377.69,542.39,7995.58,7338.3,970.11
User_845,SBI,Rewards,2618.34,5838.12,30849.11,7960.25,22864.63,26623.64,1939.19,3098.23,12213.93,16751.56,3994.63
User_846,Kotak,Cashback,463.47,778.23,2494.99,4412.07,2950.54,806.89,2.88,4323.47,12871.69,5071.77,1719.98
User_847,Axis,Rewards,8452.56,9673.75,1985.25,5622.97,2803.28,23209.94,33196.75,10379.66,17541.87,1745.97,8682.71
User_848,ICICI,Rewards,1621.66,749.8,5644.95,3653.67,6189.75,4588.77,12489.81,574.03,244.08,1105.48,4809.55
User_849,SBI,Rewards,14116.99,12159.03,4225.76,33726.3,301.35,6023.39,17875.55,20509.45,7577.02,240.16,5106.42
User_850,HDFC,Travel,15001.44,2727.95,2649.78,1865.15,4928.82,19890.83,18644.38,5113.12,9423.65,13517.88,4945.24
User_851,HDFC,Cashback,33616.91,9028.2,37434.68,3871.0,11404.15,2365.17,2843.48,6736.93,3617.2,1723.29,3396.5
User_852,HDFC,Cashback,1927.75,141.09,5639.9,1673.85,6356.42,7902.56,14237.03,18244.29,60.84,26698.24,4269.63
User_853,Kotak,Rewards,9976.82,794.27,9173.97,79.23,5245.42,2882.36,1132.09,574.87,2930.19,664.78,1441.45
User_854,Axis,Cashback,23389.18,15114.77,897.69,4891.03,4522.19,32826.38,26939.01,6154.84,982.78,29895.14,5495.88
User_855,ICICI,Rewards,17693.61,4501.92,19904.65,2490.82,2981.03,494.87,14393.47,4892.72,2359.2,2390.7,5709.85
User_856,HDFC,Cashback,8340.43,22829.15,24166.07,7278.71,10040.42,469.83,15403.11,7117.36,8093.51,28397.42,4321.94
User_857,HDFC,Travel,1897.13,9059.47,3494.3,2564.45,843.69,18102.17,7018.7,12400.42,16368.12,14314.55,5438.22
User_858,ICICI,Cashback,35764.69,6535.23,2574.93,1638.03,218.01,8867.53,3351.98,353.07,11841.52,18381.01,3053.05
User_859,Axis,Cashback,10572.93,33051.82,8545.98,2181.38,9793.08,7077.43,1848.75,14794.13,4331.12,25397.36,4067.09
User_860,SBI,Rewards,297.59,10230.69,38438.12,4146.77,1301.96,8708.84,24411.53,15799.56,10042.23,3900.7,4206.3
User_861,HDFC,Cashback,5550.53,5355.56,4382.69,33498.47,32601.05,16051.53,10313.5,17954.96,15047.61,8653.09,7796.54
User_862,Axis,Cashback,5291.96,6206.38,3575.67,20608.08,521.0,2535.95,3231.34,101.53,2701.42,1902.67,1396.54
User_863,Axis,Rewards,2668.51,29341.05,1500.62,13316.48,35661.56,172.93,10329.23,2508.22,355.54,4435.86,3780.59
User_864,Axis,Cashback,3167.39,26511.85,2400.59,2824.19,3726.64,4275.81,8516.43,14732.06,30722.63,1091.41,6057.71
User_865,Axis,Rewards,7095.01,5191.39,8393.3,6779.06,7917.21,54193.22,1297.71,35711.53,9149.91,13667.65,9913.92
User_866,ICICI,Cashback,8992.69,4907.67,32457.72,3395.98,7709.89,6139.79,26560.68,6970.05,999.79,17369.73,5846.28
User_867,Kotak,Travel,5406.14,53.01,2785.06,8272.4,4841.32,28014.08,15161.38,3254.52,340.6,13669.47,3416.08
User_868,SBI,Rewards,8638.36,1521.38,23530.86,67.47,897.26,81.96,19514.32,10170.65,6649.05,45906.69,3259.54
User_869,HDFC,Cashback,23286.42,4602.19,6683.6,691.89,12900.05,4539.73,13317.9,2418.66,4535.72,12758.84,2775.65
User_870,Axis,Rewards,8408.89,4167.34,10633.88,32395.4,19585.01,13645.0,1466.35,18627.47,2863.29,24280.36,4907.09
User_871,ICICI,Travel,13809.37,3077.96,4688.81,12249.21,31490.7,5535.0,16110.07,33616.45,18825.05,2346.37,6784.69
User_872,Kotak,Rewards,11387.34,3376.1,5033.44,21767.7,9548.52,5736.01,14641.57,15891.9,22041.6,2560.81,6576.99
User_873,Kotak,Travel,960.91,24349.88,7827.44,6499.09,9631.54,6885.9,6691.53,26749.58,2154.76,57152.38,5233.39
User_874,Kotak,Cashback,1599.02,15340.77,1740.09,502.66,1840.88,4302.95,3837.02,3975.05,3149.21,750.34,1326.64
User_875,HDFC,Rewards,158.95,14263.57,1259.31,3029.03,6884.79,2309.01,5621.73,13552.76,5200.16,24332.69,4174.01
User_876,ICICI,Travel,3055.98,4529.68,3032.41,2938.9,818.35,1418.51,751.06,945.36,15678.2,721.54,2113.31
User_877,Axis,Travel,6010.53,1066.8,10071.13,9813.07,1728.47,2173.17,17739.55,11144.94,7634.85,547.49,2722.09
User_878,Axis,Rewards,1849.53,5299.3,8188.97,3534.28,13532.43,16357.25,3484.5,16257.69,974.47,16206.57,4229.94
User_879,Axis,Rewards,26788.68,4038.2,16750.64,3925.3,4811.45,1790.68,2064.48,566.37,6295.98,9732.22,1930.62
User_880,SBI,Travel,2162.95,3984.32,3813.94,12294.41,37517.11,639.82,13.23,11855.37,4321.36,27478.51,1890.09
User_881,ICICI,Travel,2872.82,1355.8,2161.96,95.56,3469.66,3287.33,3482.03,17064.35,11331.01,824.48,2602.55
User_882,HDFC,Rewards,12434.14,14216.97,32113.25,27459.12,2375.02,20959.78,9574.97,5846.12,859.4,11187.23,8973.75
User_883,Axis,Cashback,18850.42,3980.03,7330.89,1176.09,12765.98,1498.86,24736.2,23061.68,10439.03,2082.81,4370.93
User_884,SBI,Cashback,2602.28,16633.42,3199.2,13207.84,15662.36,6214.51,626.83,666.71,468.89,23596.96,1775.4
User_885,Axis,Cashback,4276.54,7187.21,3435.75,234.21,982.79,5555.14,615.75,4036.7,5101.96,1348.95,1492.38
User_886,Amex,Cashback,9661.49,1239.79,13864.16,4470.85,23693.42,459.2,661.85,8571.04,9785.38,2883.83,1667.44
User_887,SBI,Cashback,162.4,7167.14,7386.34,15893.36,289.07,4718.52,2899.98,2084.97,491.66,4295.56,1446.8
User_888,Amex,Travel,6901.09,9748.99,10612.92,17163.79,3834.39,22269.24,14600.32,2560.14,1263.0,4161.12,8406.85
User_889,Axis,Rewards,1595.83,12288.26,889.1,5568.83,14509.92,237.07,9891.44,4773.23,103.98,2475.34,2447.29
User_890,Kotak,Travel,42896.05,5420.78,5719.98,3623.22,2703.8,2110.93,3065.08,4487.19,1553.14,1855.83,3334.68
User_891,Kotak,Rewards,10388.0,19039.64,3323.5,1993.44,4675.85,22073.67,97.31,11123.52,6367.76,1724.31,5047.88
User_892,Amex,Travel,8351.49,773.3,7716.67,5058.99,2707.74,1508.08,10107.67,6198.88,4083.35,4839.83,2052.7
User_893,ICICI,Travel,5902.83,1682.79,21151.48,2908.38,2798.73,18277.46,3843.13,23429.7,174.08,2602.43,4203.57
User_894,Amex,Rewards,2288.38,20593.69,6964.97,12470.75,3909.88,1842.13,18706.35,20894.83,5316.68,50.33,7502.55
User_895,ICICI,Rewards,4182.51,7184.65,2938.6,921.61,2934.33,3195.03,5351.85,979.62,1812.23,1785.57,2983.53
User_896,Axis,Cashback,15737.14,7390.93,8463.43,1075.41,3182.43,3883.13,1732.46,4399.32,2010.36,6805.37,1562.74
User_897,Axis,Rewards,14986.45,3475.64,8431.92,5359.69,5684.99,2572.57,1472.27,8330.83,1728.87,2364.77,1821.67
User_898,ICICI,Cashback,7123.67,550.73,23947.7,6584.37,9960.38,1679.2,38.02,3152.97,13661.55,1170.41,1912.29
User_899,HDFC,Rewards,2647.59,2316.67,162.86,17090.12,24055.0,11015.21,2411.62,3884.73,7473.37,35701.81,5170.9
User_900,Kotak,Cashback,1535.82,6859.63,3584.19,26226.52,5159.83,67332.88,550.71,1919.73,3557.83,23304.86,5208.2
User_901,Amex,Cashback,20856.58,3942.88,7885.65,2810.06,1236.43,3551.23,1099.49,24388.93,613.98,5397.76,1797.18
User_902,Kotak,Travel,11841.01,1347.51,8834.69,3694.08,30728.51,15665.51,39214.32,417.66,3662.3,2372.41,4577.12
User_903,ICICI,Travel,1990.95,5389.3,16574.61,8965.87,3802.75,3530.36,4608.94,1476.28,7615.32,3430.62,2963.84
User_904,Amex,Travel,2372.07,24202.99,29335.03,9939.41,23095.84,2368.43,10233.49,7565.03,14275.42,687.29,8900.87
User_905,Amex,Rewards,30589.35,29512.88,8750.04,225.91,8109.67,13594.84,11902.85,15370.99,2441.01,15171.48,10546.1
User_906,Amex,Cashback,3424.36,228.68,1020.92,13521.86,18674.19,6676.5,1441.43,1496.9,5147.65,620.52,1952.53
User_907,Kotak,Travel,15057.86,10586.1,19836.34,9412.36,3740.76,3984.5,96.35,5926.64,22875.57,26164.53,3867.07
User_908,ICICI,Travel,7496.35,26728.97,13176.02,13765.8,954.59,2668.43,95.09,13524.53,4535.23,16591.99,7088.99
User_909,Amex,Cashback,3247.62,4414.75,9665.16,12174.59,9942.12,33444.88,2364.53,10031.8,42094.6,1602.94,9204.47
User_910,ICICI,Rewards,22490.2,1384.82,3805.98,7507.24,16253.85,31425.55,8124.8,9239.49,6204.74,6161.33,9185.96
User_911,SBI,Rewards,16036.27,2997.94,7474.83,9066.9,755.91,41163.08,1831.58,15910.52,9391.41,345.57,4677.24
User_912,SBI,Cashback,2926.62,1024.25,510.88,1779.11,1161.96,2783.77,13368.92,3370.52,8693.22,4145.74,1365.72
User_913,Axis,Travel,5896.56,18775.03,3188.61,1275.57,17882.11,8189.19,20341.37,25695.11,509.86,6429.59,5984.58
User_914,HDFC,Travel,956.41,5170.72,2933.35,958.0,12497.07,6197.05,7052.5,4591.77,5346.27,1068.87,2362.42
User_915,HDFC,Travel,11795.64,1518.86,1595.1,7213.48,13003.87,4441.84,9023.03,50797.81,32197.11,9480.26,8501.08
User_916,Amex,Cashback,19306.45,5592.37,35210.45,914.55,6163.62,8738.75,5593.35,2546.08,9679.23,15185.15,3733.04
User_917,Axis,Cashback,18016.86,4067.19,2638.44,16072.23,25343.13,8997.99,10382.8,4939.55,9347.96,1938.85,3354.8
User_918,HDFC,Rewards,8934.87,6261.16,12731.47,5532.66,2890.16,1416.55,8451.94,21484.17,1351.61,1608.4,5365.75
User_919,Amex,Travel,2410.3,23528.29,20875.37,850.55,1198.45,7282.66,10011.03,3424.93,13441.49,9627.94,9230.12
User_920,ICICI,Rewards,7061.88,5762.45,1215.03,27635.06,17601.89,2815.29,3183.65,350.38,3789.92,9459.45,2941.1
User_921,Amex,Rewards,38046.46,3577.65,423.69,332.01,15778.57,17561.96,6037.51,6249.86,6720.93,18472.37,7995.57
User_922,ICICI,Rewards,11503.77,19471.98,2097.58,1469.43,3853.88,1008.7,161.46,14193.34,12657.7,864.15,3673.24
User_923,ICICI,Travel,18235.78,3599.72,7054.97,6319.29,4155.17,21123.47,1725.34,1540.47,8182.4,10192.38,3943.77
User_924,ICICI,Travel,1661.31,1785.85,582.21,8620.96,9.0,7552.33,7249.84,1283.83,4103.18,981.49,2638.83
User_925,Kotak,Cashback,32778.59,6859.4,5539.76,3738.53,598.48,683.19,31709.16,17627.6,16787.75,14817.55,6774.67
User_926,HDFC,Rewards,5485.89,10919.93,8506.26,8453.72,4410.8,13387.23,5363.1,15086.87,4781.57,4263.63,6797.85
User_927,SBI,Rewards,8341.11,17034.41,9165.5,3590.67,5845.21,9157.75,26225.18,2379.12,16907.12,20962.93,3880.37
User_928,Axis,Cashback,29992.44,425.17,30419.21,698.52,14770.01,1002.19,16504.65,465.69,24901.3,8451.8,5063.38
User_929,HDFC,Travel,56.22,1148.34,8.85,1936.12,4695.15,5776.79,10462.75,3378.85,1058.82,9292.1,1902.1
User_930,SBI,Travel,30709.43,4223.29,1836.69,40173.67,8702.54,5246.5,9487.13,20854.45,2595.21,20533.09,5732.8
User_931,Amex,Cashback,5807.9,8855.4,24255.91,2322.93,4997.32,15115.99,998.5,6908.6,7683.36,509.08,3914.99
User_932,Kotak,Cashback,689.1,14583.28,3465.29,1182.56,4954.54,3519.87,11118.96,6122.73,46816.85,45855.82,6093.8
User_933,ICICI,Travel,5362.32,3714.35,2265.53,996.76,12108.04,39354.0,2830.56,3403.05,6814.06,8973.34,5657.91
User_934,Axis,Cashback,15762.73,1194.66,15740.1,12534.78,14540.72,14245.7,6832.62,2551.47,8263.96,34052.25,4313.75
User_935,Kotak,Cashback,694.26,55733.52,841.96,531.55,4910.24,39287.33,4326.91,5947.55,11336.46,275.22,4326.71
User_936,ICICI,Cashback,4468.62,1023.67,134.43,2475.62,3670.29,9111.63,11470.73,3276.84,6103.65,2519.52,3278.48
User_937,Axis,Cashback,4587.83,9950.22,181.29,12681.29,17858.16,5039.65,5877.69,18853.87,14786.34,3362.64,4185.01
User_938,SBI,Travel,33872.54,5796.46,7126.82,3557.49,13002.08,5454.96,18554.77,1559.18,1488.88,2751.83,4134.1
User_939,Kotak,Cashback,6294.7,3589.52,2412.63,11238.06,10912.54,127.79,5327.93,2598.41,3044.17,10108.26,2010.1
User_940,Amex,Rewards,2720.93,14935.24,15322.94,3993.54,5396.03,24743.3,19714.88,5484.74,10491.53,874.86,13827.32
User_941,Amex,Rewards,12854.67,7050.24,12734.74,3090.46,5407.01,10782.5,11755.24,6088.18,4295.41,4180.56,7050.01
User_942,HDFC,Rewards,12868.46,23592.02,15878.34,8768.1,11127.99,46252.77,950.54,11005.25,3332.88,10220.66,13003.09
User_943,ICICI,Travel,5356.3,802.76,12044.42,2584.61,10405.37,16628.73,18923.2,4441.6,8879.69,11992.33,5599.14
User_944,Amex,Travel,6958.05,11462.26,12210.64,7408.23,1281.02,124.16,2392.73,754.31,6124.45,5348.17,3747.41
User_945,Amex,Rewards,1933.45,3826.45,7452.49,3793.1,3935.2,458.88,3469.52,9785.42,16678.43,3607.05,2530.87
User_946,Kotak,Travel,27411.28,154.78,15033.77,7438.7,5264.8,15923.15,26739.75,12143.15,469.31,9193.31,5161.94
User_947,SBI,Travel,4087.08,71.73,2563.43,3263.13,1546.52,4058.21,952.31,1403.84,12097.74,1573.02,1240.27
User_948,Kotak,Travel,3943.81,6184.46,11111.09,11339.6,1946.44,14887.12,123.12,2311.49,11052.6,1569.27,2535.87
User_949,SBI,Cashback,12176.44,7412.66,16670.9,28951.09,14411.26,2939.42,34674.39,3947.56,2086.82,1211.46,4470.12
User_950,Axis,Rewards,4446.54,31768.42,9033.22,712.61,4420.95,22859.34,1129.0,2512.44,18673.69,35162.78,6883.78
User_951,Amex,Travel,21992.05,3131.34,4337.72,9176.88,6620.6,2859.47,6031.19,9804.32,323.26,84.17,2501.5
User_952,HDFC,Cashback,1644.26,2350.36,1901.97,550.96,176.63,5740.27,4612.57,1477.22,1560.08,12913.69,1459.03
User_953,Axis,Rewards,627.64,1021.35,6344.43,5578.77,27015.98,25852.36,13493.95,8222.61,5415.04,3928.88,5575.84
User_954,HDFC,Travel,5502.78,1677.85,304.13,18466.87,2394.27,3716.78,774.33,11533.08,178.2,11419.7,2856.48
User_955,Kotak,Cashback,17836.87,2452.72,11372.75,5110.78,2675.87,26721.92,7043.66,6930.34,2538.11,6583.98,3982.46
User_956,Axis,Rewards,1949.58,351.54,1651.28,5297.2,2602.27,3694.52,587.26,9554.8,1483.66,3038.88,1513.33
User_957,Axis,Rewards,8671.88,19587.87,2195.8,215.68,2548.15,100.31,1216.21,7947.89,15745.28,520.92,3311.53
User_958,Kotak,Cashback,23512.88,24942.96,2555.47,14772.7,5238.04,23030.16,5519.87,12586.97,5807.0,2385.96,5108.44
User_959,Axis,Travel,4222.22,5378.33,210.23,14483.92,4833.17,4220.76,10236.63,6435.63,44410.45,4945.65,5903.53
User_960,Amex,Travel,9456.5,1193.56,2037.55,274.59,2676.14,635.56,1206.39,4350.24,7143.57,1119.91,1114.28
User_961,HDFC,Travel,15078.83,7352.17,1755.53,7170.24,5810.98,4190.74,1049.93,4442.11,622.52,856.94,2026.98
User_962,HDFC,Cashback,20362.56,15394.33,15997.18,6090.62,5491.96,25477.16,5259.54,10473.86,21029.65,1470.16,6757.29
User_963,HDFC,Cashback,5441.43,2180.47,2813.31,1890.21,7794.09,660.69,15556.65,4755.41,10288.4,2622.34,2565.41
User_964,Axis,Travel,497.3,594.95,1699.28,15348.87,4789.05,3858.97,5837.1,2581.26,6778.75,2386.48,1684.62
User_965,ICICI,Cashback,10612.91,275.95,5565.4,46551.15,1158.16,6014.03,4004.24,25696.76,22208.6,2961.79,5198.51
User_966,Axis,Cashback,4935.82,13422.07,393.0,1723.53,13958.35,2873.74,23461.91,726.81,2921.39,78766.39,5494.22
User_967,Axis,Cashback,2210.98,10317.78,14195.33,4138.77,19352.46,10138.0,5402.49,8940.62,9424.91,1983.65,3188.71
User_968,SBI,Travel,1859.02,5516.04,18565.97,8305.9,7568.49,22307.55,10379.34,950.71,2764.37,21721.62,2601.46
User_969,SBI,Cashback,906.71,21010.6,1058.82,6198.88,3238.74,1197.31,2252.27,5272.64,6170.96,502.07,1231.56
User_970,HDFC,Rewards,9292.15,33.91,25610.82,4293.66,4840.88,1831.09,4547.34,15596.43,15405.4,26282.32,5366.93
User_971,ICICI,Rewards,10744.4,24742.22,18926.5,6963.96,6231.85,4416.98,13044.57,50400.91,3388.93,1519.66,11054.89
User_972,Kotak,Cashback,3711.64,2188.31,3748.02,8927.78,6816.13,11721.83,3566.68,5180.89,926.31,653.41,1994.7
User_973,Axis,Cashback,5163.68,6664.34,27166.49,7439.46,28665.11,1861.49,12058.66,15661.15,10643.55,8743.08,4075.01
User_974,Amex,Travel,13511.8,1022.31,14795.27,4189.57,2293.44,15976.34,4433.51,12948.85,2396.05,30.86,4290.04
User_975,Axis,Rewards,11534.15,8704.63,3872.58,6786.22,2403.54,197.41,12364.15,720.33,15569.55,4469.43,3481.24
User_976,Kotak,Travel,945.78,2366.19,18438.88,10292.7,8364.53,8934.54,4383.68,373.63,12578.79,9307.27,2230.29
User_977,Amex,Cashback,3178.6,5364.3,13716.15,11685.6,2537.99,1345.53,9909.1,2447.39,21026.52,1136.84,3415.8
User_978,HDFC,Rewards,13965.11,4041.84,13252.24,3691.6,1558.83,289.56,4154.5,19939.83,2328.37,1972.12,4434.29
User_979,HDFC,Rewards,34663.57,8721.88,859.61,56213.4,3383.81,18053.7,7205.56,1516.68,1152.14,2762.64,8069.24
User_980,Amex,Travel,3354.44,2119.12,2734.86,13344.93,12194.34,6346.86,10901.05,1943.68,2421.51,4800.22,3201.58
User_981,Kotak,Cashback,5269.56,44073.95,17716.01,5876.59,13375.12,3233.35,1086.48,4472.9,5309.39,171.65,2562.07
User_982,SBI,Cashback,1903.2,2755.33,11968.07,5692.57,2223.72,221.61,731.62,2412.97,6664.36,1899.55,1482.03
User_983,Amex,Rewards,12776.46,12266.05,3538.01,6881.7,14425.83,9389.29,172.38,3308.37,1257.48,2137.42,4626.9
User_984,HDFC,Travel,1788.52,2669.31,6913.35,5503.69,1774.39,1292.83,1947.24,5031.21,2279.37,21249.1,1733.76
User_985,HDFC,Travel,18970.22,1388.57,7963.12,17805.75,2557.56,4523.16,26901.48,29094.53,618.18,2474.43,6266.85
User_986,SBI,Rewards,31245.45,7135.23,5615.4,37044.57,7241.02,9624.93,3598.97,4282.36,8026.63,643.44,5773.3
User_987,HDFC,Travel,14061.24,905.76,8479.5,3810.51,1673.43,3736.22,572.66,8617.23,2111.91,2704.55,2118.89
User_988,ICICI,Travel,7839.62,338.69,103.93,19988.69,1177.81,9463.64,4522.56,1683.46,763.05,3762.56,2280.87
User_989,Amex,Cashback,10445.65,7287.07,1429.01,9404.49,7982.26,11790.04,2733.54,6518.61,3989.34,1656.01,3165.85
User_990,Axis,Cashback,2118.5,66.06,514.88,3294.71,1429.14,8974.57,22984.19,15715.96,2859.61,6001.39,3079.68
User_991,HDFC,Travel,11062.78,14560.73,4309.88,7175.37,717.85,5044.1,1731.31,3421.79,6086.66,1798.52,2690.26
User_992,Axis,Rewards,20454.23,4734.03,10500.62,21883.63,1074.9,120.85,13321.5,1424.08,284.53,1143.63,2538.69
User_993,Kotak,Rewards,1054.57,10715.42,3528.94,3606.23,288.02,3813.77,3893.16,3121.52,750.91,1592.46,1584.72
User_994,HDFC,Cashback,25249.87,1056.38,3322.84,10752.55,1333.35,3387.87,743.88,2628.85,1019.65,2363.79,1740.16
User_995,Kotak,Cashback,2738.61,2379.49,554.98,3990.22,3846.7,10825.09,1133.22,4484.02,1807.29,2595.38,1571.43
User_996,ICICI,Cashback,1966.28,6950.43,3957.35,454.15,2633.96,4137.11,11251.5,978.09,7678.6,655.53,3026.66
User_997,Kotak,Rewards,274.17,3853.23,10285.09,9403.01,16042.76,4850.34,671.23,5656.02,9593.4,623.75,2740.18
User_998,HDFC,Travel,6142.34,5986.32,8056.44,4829.27,10592.84,334.32,37722.55,27852.41,29479.99,4890.51,7184.22
User_999,Amex,Travel,2751.6,424.36,2520.31,1464.91,5215.92,4711.65,8016.03,49.6,5497.3,9255.32,2171.37
User_1000,SBI,Rewards,5350.83,5364.33,23416.07,2740.95,2178.02,5288.35,9431.11,14910.02,8776.22,3004.11,3032.97
